spec,category_chain_or_product,method,status,reason,category,http_status,rpc_code,rpc_message
avax,chain,eth_sendRawTransactionSync,fail,jsonrpc error,Mutation method - pre-EIP-155 example,200,-32000,only replay-protected (EIP-155) transactions allowed over RPC
avax,chain,eth_sendRawTransaction,fail,jsonrpc error,Mutation method - pre-EIP-155 example,200,-32000,only replay-protected (EIP-155) transactions allowed over RPC
ronin,chain,eth_getFilterLogs,fail,HTTP 400,Stateless Try It - filter does not persist,400,,"{""jsonrpc"":""2.0"",""id"":1,""error"":{""code"":-32000,""message"":""filter not found""}}"
opbnb,chain,eth_createAccessList,fail,jsonrpc error,Mutation method needs funded sender,200,-32000,failed to apply transaction: 0x9eec55c5bc6d5481ef601a8b7d4729fae56e2d4061727fdf092d723a5ad50364 err: insufficient funds for gas * price + value: address 0xaeA8F8f781326bfE6A7683C2BD48Dd6AA4d3Ba63 have
hyperliquid,chain,net_listening,fail,HTTP 400,Method not supported on chain,400,,"{""jsonrpc"":""2.0"",""id"":1,""error"":{""code"":-32600,""message"":""Unsupported method: net_listening on HYPERLIQUID_MAINNET""}}"
eth,chain,eth_createAccessList,fail,jsonrpc error,Mutation method - gas mismatch,200,-32000,intrinsic gas too high
ronin,chain,eth_getProof,fail,jsonrpc error,Invalid params shape (-32602),200,-32602,Invalid params
abstract,chain,zks_getAllAccountBalances,fail,jsonrpc error,Method not supported on chain,200,-32601,Method not found
avax,chain,eth_submitWork,fail,jsonrpc error,Method not supported on chain,200,-32601,the method eth_submitWork does not exist/is not available
avax,chain,eth_simulateV1,fail,jsonrpc error,Method not supported on chain,200,-32601,the method eth_simulateV1 does not exist/is not available
injective,chain,eth_estimateGas,fail,jsonrpc error,Other JSON-RPC error,200,-32000,rpc error: code = Unknown desc = insufficient balance for transfer
zetachain,chain,eth_getBlockByHash,fail,jsonrpc error,Stale example - block reference,200,-32000,block not found for hash 0xd5f1812548be429cbdc6376b29611fc49e06f1359758c4ceaaa3b393e2239f9c
zetachain,chain,eth_getBlockReceipts,fail,jsonrpc error,Method not supported on chain,200,-32601,the method eth_getBlockReceipts does not exist/is not available
tron,chain,eth_call,fail,jsonrpc error,Other JSON-RPC error,200,-32600,Smart contract is not exist.
tron,chain,eth_estimateGas,fail,jsonrpc error,Other JSON-RPC error,200,-32600,"Validate TransferContract error, no OwnerAccount."
adi,chain,eth_call,fail,jsonrpc error,Other JSON-RPC error,200,-32603,"invalid transaction: LackOfFundForMaxFee { fee: 1, balance: 0 }"
matic,chain,bor_getRootHash,fail,jsonrpc error,Example payload type/format invalid,200,-32602,invalid argument 0: json: cannot unmarshal string into Go value of type uint64
fantom,chain,eth_blockNumber,fail,dns/connect,Host does not resolve,,,[Errno -2] Name or service not known
fantom,chain,eth_call,fail,dns/connect,Host does not resolve,,,[Errno -2] Name or service not known
fantom,chain,eth_callMany,fail,dns/connect,Host does not resolve,,,[Errno -2] Name or service not known
fantom,chain,eth_chainId,fail,dns/connect,Host does not resolve,,,[Errno -2] Name or service not known
tea,chain,eth_getTransactionCount,fail,dns/connect,Host does not resolve,,,[Errno -2] Name or service not known
tea,chain,eth_getTransactionReceipt,fail,dns/connect,Host does not resolve,,,[Errno -2] Name or service not known
stable,chain,eth_blobBaseFee,fail,HTTP 400,Method not supported on chain,400,,"{""jsonrpc"":""2.0"",""id"":1,""error"":{""code"":-32600,""message"":""Unsupported method: eth_blobBaseFee on STABLE_MAINNET""}}"
stable,chain,eth_call,fail,jsonrpc error,Other JSON-RPC error,200,-32000,rpc error: code = Internal desc = insufficient balance for transfer
opt,chain,eth_callMany,fail,jsonrpc error,Mutation method needs funded sender,200,-32003,call_many error in bundle 0 and transaction 0: insufficient funds for gas * price + value: have 0 want 2023155498000000
anime,chain,eth_call,fail,jsonrpc error,Mutation method needs funded sender,200,-32000,err: insufficient funds for gas * price + value: address 0x0000000000000000000000000000000000000000 have 0 want 1 (supplied gas 550000000)
megaeth,chain,eth_callMany,fail,jsonrpc error,Mutation method needs funded sender,200,-32003,insufficient funds for gas * price + value: have 0 want 2023155498000000
flow,chain,eth_estimateGas,fail,jsonrpc error,Mutation method needs funded sender,200,-32000,failed transaction: insufficient funds for gas * price + value: address 0xd8dA6BF26964aF9D7eEd9e03E53415D37aA96045 have 0 want 1
berachain,chain,eth_blobBaseFee,fail,HTTP 400,Method not supported on chain,400,,"{""jsonrpc"":""2.0"",""id"":1,""error"":{""code"":-32600,""message"":""Unsupported method: eth_blobBaseFee on BERACHAIN_MAINNET""}}"
pharos,chain,eth_call,fail,jsonrpc error,Other JSON-RPC error,200,-32029,The caller does not have enough funds for value transfer.
apechain,chain,eth_blobBaseFee,fail,HTTP 400,Method not supported on chain,400,,"{""jsonrpc"":""2.0"",""id"":1,""error"":{""code"":-32600,""message"":""Unsupported method: eth_blobBaseFee on APECHAIN_MAINNET""}}"
citrea,chain,citrea_sendRawDepositTransaction,fail,jsonrpc error,Method not supported on chain,200,-32601,Method not found
stellar,chain,getHealth,fail,jsonrpc error,Invalid params shape (-32602),200,-32602,invalid parameters
stellar,chain,getEvents,fail,jsonrpc error,Other JSON-RPC error,200,-32600,startLedger must be within the ledger range: 62549698 - 62791617
bitcoincash,chain,estimatesmartfee,fail,HTTP 503,Transient or capacity: HTTP 503,503,,"{""jsonrpc"":""2.0"",""id"":1,""error"":{""code"":-32001,""message"":""Unable to complete request at this time.""}}"
bitcoincash,chain,createrawtransaction,fail,HTTP 503,Transient or capacity: HTTP 503,503,,"{""jsonrpc"":""2.0"",""id"":1,""error"":{""code"":-32001,""message"":""Unable to complete request at this time.""}}"
bitcoincash,chain,decoderawtransaction,fail,HTTP 503,Transient or capacity: HTTP 503,503,,"{""jsonrpc"":""2.0"",""id"":1,""error"":{""code"":-32001,""message"":""Unable to complete request at this time.""}}"
clankermon,chain,eth_call,fail,jsonrpc error,Mutation method needs funded sender,200,-32000,err: insufficient funds for gas * price + value: address 0x0000000000000000000000000000000000000000 have 0 want 1 (supplied gas 1100000000)
polygonzkevm,chain,eth_accounts,fail,jsonrpc error,Other JSON-RPC error,200,-32000,the method has been deprecated: eth_accounts
sui,chain,sui_devInspectTransactionBlock,fail,jsonrpc error,Invalid params shape (-32602),200,-32602,"Deserialization error: invalid value: integer `15043`, expected variant index 0 <= i < 3"
sui,chain,sui_executeTransactionBlock,fail,jsonrpc error,Invalid params shape (-32602),200,-32602,Invalid params
sui,chain,sui_dryRunTransactionBlock,fail,jsonrpc error,Invalid params shape (-32602),200,-32602,Deserialization error: ULEB128-encoded integer did not fit in the target size
arc,chain,eth_call,fail,jsonrpc error,Other JSON-RPC error,200,3,execution reverted: Zero address not allowed
monad,chain,eth_blobBaseFee,fail,jsonrpc error,Method not supported on chain,200,-32601,Method not found
monad,chain,eth_accounts,fail,jsonrpc error,Method not supported on chain,200,-32601,Method not found
gnosis,chain,eth_blobBaseFee,fail,HTTP 400,Method not supported on chain,400,,"{""jsonrpc"":""2.0"",""id"":1,""error"":{""code"":-32600,""message"":""Unsupported method: eth_blobBaseFee on GNOSIS_MAINNET""}}"
crossfi,chain,eth_call,fail,jsonrpc error,Other JSON-RPC error,200,-32000,rpc error: code = Internal desc = insufficient balance for transfer
crossfi,chain,eth_estimateGas,fail,jsonrpc error,Other JSON-RPC error,200,-32000,rpc error: code = InvalidArgument desc = insufficient balance for transfer: invalid request
linea,chain,eth_blobBaseFee,fail,HTTP 400,Method not supported on chain,400,,"{""jsonrpc"":""2.0"",""id"":1,""error"":{""code"":-32600,""message"":""Unsupported method: eth_blobBaseFee on LINEA_MAINNET""}}"
rise,chain,eth_blobBaseFee,fail,HTTP 400,Method not supported on chain,400,,"{""jsonrpc"":""2.0"",""id"":1,""error"":{""code"":-32600,""message"":""Unsupported method: eth_blobBaseFee on RISE_MAINNET""}}"
astar,chain,eth_call,fail,jsonrpc error,Other JSON-RPC error,200,-32603,evm error: OutOfFund
tea,chain,eth_blockNumber,fail,dns/connect,Host does not resolve,,,[Errno -2] Name or service not known
tea,chain,eth_call,fail,dns/connect,Host does not resolve,,,[Errno -2] Name or service not known
eth,chain,eth_fillTransaction,fail,jsonrpc error,Mutation method needs funded sender,200,-32003,insufficient funds for gas * price + value: have 0 want 1
sonic,chain,eth_callMany,fail,jsonrpc error,Method not supported on chain,200,-32601,the method eth_callMany does not exist/is not available
opbnb,chain,eth_fillTransaction,fail,jsonrpc error,Mutation method needs funded sender,200,-32000,insufficient funds for transfer
hyperliquid,chain,web3_sha3,fail,jsonrpc error,Method not supported on chain,200,-32601,Method not found
dogecoin,chain,createrawtransaction,fail,HTTP 503,Transient or capacity: HTTP 503,503,,"{""jsonrpc"":""2.0"",""id"":1,""error"":{""code"":-32001,""message"":""Unable to complete request at this time.""}}"
dogecoin,chain,decoderawtransaction,fail,HTTP 503,Transient or capacity: HTTP 503,503,,"{""jsonrpc"":""2.0"",""id"":1,""error"":{""code"":-32001,""message"":""Unable to complete request at this time.""}}"
litecoin,chain,createrawtransaction,fail,jsonrpc error,Other JSON-RPC error,200,-5,Invalid Litecoin address: 1A1zP1eP5QGefi2DMPTfTL5SLmv7DivfNa
opbnb,chain,eth_getAccount,fail,jsonrpc error,Method not supported on chain,200,-32601,the method eth_getAccount does not exist/is not available
zora,chain,eth_fillTransaction,fail,jsonrpc error,Mutation method needs funded sender,200,-32000,insufficient funds for transfer
hyperliquid,chain,eth_blobBaseFee,fail,HTTP 400,Method not supported on chain,400,,"{""jsonrpc"":""2.0"",""id"":1,""error"":{""code"":-32600,""message"":""Unsupported method: eth_blobBaseFee on HYPERLIQUID_MAINNET""}}"
dogecoin,chain,estimatesmartfee,fail,jsonrpc error,Other JSON-RPC error,200,-1,"estimatesmartfee nblocks

WARNING: This interface is unstable and may disappear or change!

Estimates the approximate fee per kilobyte needed for a transaction to begin
confirmation within nblocks blo"
sonic,chain,eth_createAccessList,fail,jsonrpc error,Mutation method needs funded sender,200,-32000,insufficient funds for transfer
hyperliquid,chain,eth_accounts,fail,jsonrpc error,Method not supported on chain,200,-32601,Method not found
injective,chain,eth_fillTransaction,fail,jsonrpc error,Stale example - block reference,200,-32000,header not found
injective,chain,eth_getAccount,fail,jsonrpc error,Method not supported on chain,200,-32601,the method eth_getAccount does not exist/is not available
bob,chain,eth_sendRawTransaction,fail,jsonrpc error,Mutation method needs funded sender,200,-32003,insufficient funds for gas * price + value: have 0 want 2000000000021000000
tempo,chain,eth_sendRawTransaction,fail,jsonrpc error,Other JSON-RPC error,200,-32000,value transfer not allowed
tron,chain,eth_getAccount,fail,jsonrpc error,Method not supported on chain,200,-32601,method not found
botanix,chain,eth_estimateGas,fail,jsonrpc error,Mutation method needs funded sender,200,-32003,insufficient funds for gas * price + value
adi,chain,eth_estimateGas,fail,jsonrpc error,Other JSON-RPC error,200,-32603,"invalid transaction: LackOfFundForMaxFee { fee: 1, balance: 0 }"
zksync,chain,eth_getAccount,fail,jsonrpc error,Method not supported on chain,200,-32601,Method not found
fantom,chain,eth_estimateGas,fail,dns/connect,Host does not resolve,,,[Errno -2] Name or service not known
adi,chain,eth_getAccount,fail,jsonrpc error,Method not supported on chain,200,-32603,unimplemented
rootstock,chain,eth_feeHistory,fail,jsonrpc error,Method not supported on chain,200,-32601,method not found
fantom,chain,eth_feeHistory,fail,dns/connect,Host does not resolve,,,[Errno -2] Name or service not known
rootstock,chain,eth_getAccount,fail,jsonrpc error,Method not supported on chain,200,-32601,method not found
fantom,chain,eth_gasPrice,fail,dns/connect,Host does not resolve,,,[Errno -2] Name or service not known
fantom,chain,eth_getAccount,fail,dns/connect,Host does not resolve,,,[Errno -2] Name or service not known
base,chain,eth_callBundle,fail,jsonrpc error,Invalid params shape (-32602),200,-32602,Invalid params
tea,chain,eth_chainId,fail,dns/connect,Host does not resolve,,,[Errno -2] Name or service not known
base,chain,eth_createAccessList,fail,jsonrpc error,Mutation method - gas mismatch,200,-32000,intrinsic gas too high
tea,chain,eth_estimateGas,fail,dns/connect,Host does not resolve,,,[Errno -2] Name or service not known
unichain,chain,eth_callMany,fail,jsonrpc error,Mutation method needs funded sender,200,-32003,call_many error in bundle 0 and transaction 0: insufficient funds for gas * price + value: have 0 want 2023155498000000
ink,chain,eth_callMany,fail,jsonrpc error,Mutation method needs funded sender,200,-32003,call_many error in bundle 0 and transaction 0: insufficient funds for gas * price + value: have 0 want 2023155498000000
stable,chain,eth_createAccessList,fail,HTTP 400,Method not supported on chain,400,,"{""jsonrpc"":""2.0"",""id"":1,""error"":{""code"":-32600,""message"":""Unsupported method: eth_createAccessList on STABLE_MAINNET""}}"
celo,chain,eth_callMany,fail,jsonrpc error,Method not supported on chain,200,-32601,the method eth_callMany does not exist/is not available
stable,chain,eth_estimateGas,fail,jsonrpc error,Other JSON-RPC error,200,-32000,rpc error: code = Unknown desc = insufficient balance for transfer
scroll,chain,eth_createAccessList,fail,jsonrpc error,Mutation method needs funded sender,200,-32000,insufficient funds for transfer
anime,chain,eth_estimateGas,fail,jsonrpc error,Mutation method needs funded sender,200,-32000,failed with 550000000 gas: insufficient funds for gas * price + value: address 0xd8dA6BF26964aF9D7eEd9e03E53415D37aA96045 have 0 want 1
celo,chain,eth_createAccessList,fail,jsonrpc error,Mutation method needs funded sender,200,-32000,failed to apply transaction: 0x9198f0ae5e8bf0e0afc3b2b388efb172fd11439785b5797b7eac1c0e80653dcb err: insufficient funds for gas * price + value: address 0xaeA8F8f781326bfE6A7683C2BD48Dd6AA4d3Ba63 have
scroll,chain,eth_fillTransaction,fail,jsonrpc error,Mutation method needs funded sender,200,-32000,insufficient funds for transfer
flow,chain,eth_fillTransaction,fail,jsonrpc error,Method not supported on chain,200,-32601,the method eth_fillTransaction does not exist/is not available
flow,chain,eth_getAccount,fail,jsonrpc error,Method not supported on chain,200,-32601,the method eth_getAccount does not exist/is not available
berachain,chain,eth_callMany,fail,jsonrpc error,Mutation method needs funded sender,200,-32003,call_many error in bundle 0 and transaction 0: insufficient funds for gas * price + value: have 0 want 2023155498000000
pharos,chain,eth_estimateGas,fail,jsonrpc error,Other JSON-RPC error,200,-32029,The caller does not have enough funds for value transfer.
jovay,chain,eth_estimateGas,fail,jsonrpc error,Other JSON-RPC error,200,-32603,The caller does not have enough funds for value transfer.
worldchain,chain,eth_callBundle,fail,jsonrpc error,Invalid params shape (-32602),200,-32602,Invalid params
worldchain,chain,eth_callMany,fail,jsonrpc error,Mutation method needs funded sender,200,-32003,call_many error in bundle 0 and transaction 0: insufficient funds for gas * price + value: have 0 want 2023155498000000
sei,chain,eth_createAccessList,fail,jsonrpc error,Mutation method needs funded sender,200,-32000,failed to apply transaction: 0xfdde7ce71f365821e9b64135d0bea0bdaa34adba83a2008b9055811f8de2d39c err: insufficient funds for gas * price + value: address 0xaeA8F8f781326bfE6A7683C2BD48Dd6AA4d3Ba63 have
sei,chain,eth_fillTransaction,fail,jsonrpc error,Method not supported on chain,200,-32601,the method eth_fillTransaction does not exist/is not available
apechain,chain,eth_fillTransaction,fail,jsonrpc error,Mutation method needs funded sender,200,-32000,insufficient funds for transfer
metis,chain,eth_createAccessList,fail,jsonrpc error,Method not supported on chain,200,-32601,the method eth_createAccessList does not exist/is not available
metis,chain,eth_feeHistory,fail,jsonrpc error,Method not supported on chain,200,-32601,the method eth_feeHistory does not exist/is not available
katana,chain,eth_getAccount,fail,jsonrpc error,Method not supported on chain,200,-32601,the method eth_getAccount does not exist/is not available
arb,chain,eth_createAccessList,fail,jsonrpc error,Mutation method needs funded sender,200,-32000,failed to apply transaction: 0x5cf233fb2361355996805304785090735fbbfe392362664fbb5687cfb9032df7 err: insufficient funds for gas * price + value: address 0xaeA8F8f781326bfE6A7683C2BD48Dd6AA4d3Ba63 have
katana,chain,eth_getAccountInfo,fail,jsonrpc error,Method not supported on chain,200,-32601,the method eth_getAccountInfo does not exist/is not available
story,chain,eth_fillTransaction,fail,jsonrpc error,Mutation method needs funded sender,200,-32000,insufficient funds for transfer
arb,chain,eth_fillTransaction,fail,jsonrpc error,Mutation method needs funded sender,200,-32000,insufficient funds for transfer
settlus,chain,eth_estimateGas,fail,jsonrpc error,Mutation method needs funded sender,200,-32000,failed with 30000000 gas: insufficient funds for gas * price + value: address 0xd8dA6BF26964aF9D7eEd9e03E53415D37aA96045 have 0 want 1
gensyn,chain,eth_createAccessList,fail,jsonrpc error,Mutation method needs funded sender,200,-32000,failed to apply transaction: 0x648396a8748f5e3dbc343d9477894054505922c6cdc0711d84d8c589366654ba err: insufficient funds for gas * price + value: address 0xaeA8F8f781326bfE6A7683C2BD48Dd6AA4d3Ba63 have
gensyn,chain,eth_estimateGas,fail,jsonrpc error,Mutation method needs funded sender,200,-32000,failed with 550000000 gas: insufficient funds for gas * price + value: address 0xd8dA6BF26964aF9D7eEd9e03E53415D37aA96045 have 0 want 1
settlus,chain,eth_getAccount,fail,jsonrpc error,Method not supported on chain,200,-32601,the method eth_getAccount does not exist/is not available
clankermon,chain,eth_estimateGas,fail,jsonrpc error,Mutation method needs funded sender,200,-32000,failed with 1100000000 gas: insufficient funds for gas * price + value: address 0xd8dA6BF26964aF9D7eEd9e03E53415D37aA96045 have 0 want 1
bitcoincash,chain,getblock,fail,HTTP 503,Transient or capacity: HTTP 503,503,,"{""jsonrpc"":""2.0"",""id"":1,""error"":{""code"":-32001,""message"":""Unable to complete request at this time.""}}"
lens,chain,eth_fillTransaction,fail,jsonrpc error,Method not supported on chain,200,-32601,Method not found
polygonzkevm,chain,eth_getAccount,fail,jsonrpc error,Method not supported on chain,200,-32601,the method eth_getAccount does not exist/is not available
arc,chain,eth_callBundle,fail,jsonrpc error,Invalid params shape (-32602),200,-32602,Invalid params
arc,chain,eth_callMany,fail,jsonrpc error,Mutation method needs funded sender,200,-32003,call_many error in bundle 0 and transaction 0: insufficient funds for gas * price + value: have 0 want 2023155498000000
arc,chain,eth_createAccessList,fail,jsonrpc error,Mutation method - gas mismatch,200,-32000,intrinsic gas too high
monad,chain,eth_callMany,fail,jsonrpc error,Method not supported on chain,200,-32601,Method not found
blast,chain,eth_createAccessList,fail,jsonrpc error,Other JSON-RPC error,200,-32603,method handler crashed
crossfi,chain,eth_getAccount,fail,jsonrpc error,Method not supported on chain,200,-32601,the method eth_getAccount does not exist/is not available
linea,chain,eth_createAccessList,fail,jsonrpc error,Mutation method needs funded sender,200,-32000,failed to apply transaction: 0x8125237d60f37fa609508f104344529d7c3287a34ded02671867ed530aa24b89 err: insufficient funds for gas * price + value: address 0xaeA8F8f781326bfE6A7683C2BD48Dd6AA4d3Ba63 have
linea,chain,eth_estimateGas,fail,jsonrpc error,Mutation method needs funded sender,200,-32000,failed with 16777216 gas: insufficient funds for gas * price + value: address 0xFE3B557E8Fb62b89F4916B721be55cEb828dBd73 have 0 want 1
rise,chain,eth_createAccessList,fail,HTTP 400,Method not supported on chain,400,,"{""jsonrpc"":""2.0"",""id"":1,""error"":{""code"":-32600,""message"":""Unsupported method: eth_createAccessList on RISE_MAINNET""}}"
rise,chain,eth_estimateGas,fail,jsonrpc error,Mutation method needs funded sender,200,-32003,insufficient funds for gas * price + value: have 0 want 1
rise,chain,eth_fillTransaction,fail,HTTP 400,Method not supported on chain,400,,"{""jsonrpc"":""2.0"",""id"":1,""error"":{""code"":-32600,""message"":""Unsupported method: eth_fillTransaction on RISE_MAINNET""}}"
degen,chain,eth_fillTransaction,fail,jsonrpc error,Mutation method needs funded sender,200,-32000,insufficient funds for transfer
tea,chain,eth_gasPrice,fail,dns/connect,Host does not resolve,,,[Errno -2] Name or service not known
tea,chain,eth_getAccount,fail,dns/connect,Host does not resolve,,,[Errno -2] Name or service not known
humanity,chain,eth_estimateGas,fail,jsonrpc error,Mutation method needs funded sender,200,-32000,failed with 550000000 gas: insufficient funds for gas * price + value: address 0xd8dA6BF26964aF9D7eEd9e03E53415D37aA96045 have 0 want 1
moonbeam,chain,eth_fillTransaction,fail,jsonrpc error,Method not supported on chain,200,-32601,Method not found
humanity,chain,eth_fillTransaction,fail,jsonrpc error,Mutation method needs funded sender,200,-32000,insufficient funds for transfer
bnb,chain,eth_callMany,fail,jsonrpc error,Mutation method needs funded sender,200,-32003,call_many error in bundle 0 and transaction 0: insufficient funds for gas * price + value: have 0 want 2023155498000000
bnb,chain,eth_createAccessList,fail,jsonrpc error,Mutation method needs funded sender,200,-32000,failed to apply transaction: 0x6ac54253b7374c823e1598e34ed1cd4b6ae07cc8b8ad173fea235368abb6ee53 err: insufficient funds for gas * price + value: address 0xaeA8F8f781326bfE6A7683C2BD48Dd6AA4d3Ba63 have
robinhood,chain,eth_fillTransaction,fail,jsonrpc error,Mutation method needs funded sender,200,-32000,insufficient funds for transfer
soneium,chain,eth_createAccessList,fail,jsonrpc error,Mutation method needs funded sender,200,-32000,failed to apply transaction: 0x2d1604ff4cfd70f498997ebee5cf095a5153e4ed1c62947f192dc6420d31e431 err: insufficient funds for gas * price + value: address 0xaeA8F8f781326bfE6A7683C2BD48Dd6AA4d3Ba63 have
sonic,chain,eth_fillTransaction,fail,jsonrpc error,Mutation method needs funded sender,200,-32000,insufficient funds for transfer
tempo,chain,eth_sendRawTransactionSync,fail,jsonrpc error,Other JSON-RPC error,200,-32000,value transfer not allowed
mythos,chain,eth_createAccessList,fail,jsonrpc error,Mutation method needs funded sender,200,-32000,failed to apply transaction: 0x348ba44b77143267d6d4c74f057f998cc0dd9521a8f608ee3a119d7a288cc1eb err: insufficient funds for gas * price + value: address 0xaeA8F8f781326bfE6A7683C2BD48Dd6AA4d3Ba63 have
zora,chain,eth_getAccountInfo,fail,jsonrpc error,Method not supported on chain,200,-32601,the method eth_getAccountInfo does not exist/is not available
mythos,chain,eth_estimateGas,fail,jsonrpc error,Mutation method needs funded sender,200,-32000,failed with 550000000 gas: insufficient funds for gas * price + value: address 0xd8dA6BF26964aF9D7eEd9e03E53415D37aA96045 have 0 want 1
dogecoin,chain,getblock,fail,jsonrpc error,Stale example - block reference,200,-5,Block not found
hyperliquid,chain,eth_callMany,fail,jsonrpc error,Mutation method needs funded sender,200,-32003,insufficient funds for gas * price + value: have 0 want 2023155498000000
zora,chain,eth_getAccount,fail,jsonrpc error,Method not supported on chain,200,-32601,the method eth_getAccount does not exist/is not available
abstract,chain,zks_getConfirmedTokens,fail,jsonrpc error,Method not supported on chain,200,-32601,Method not found
litecoin,chain,getblock,fail,jsonrpc error,Stale example - block reference,200,-5,Block not found
bob,chain,eth_submitWork,fail,jsonrpc error,Method not supported on chain,200,-32603,unimplemented
injective,chain,eth_getBlockReceipts,fail,HTTP 400,Method not supported on chain,400,,"{""jsonrpc"":""2.0"",""id"":1,""error"":{""code"":-32600,""message"":""Unsupported method: eth_getBlockReceipts on INJECTIVE_MAINNET""}}"
zetachain,chain,eth_getFilterChanges,fail,HTTP 400,Stateless Try It - filter does not persist,400,,"{""jsonrpc"":""2.0"",""id"":1,""error"":{""code"":-32000,""message"":""filter not found""}}"
zetachain,chain,eth_getFilterLogs,fail,HTTP 400,Stateless Try It - filter does not persist,400,,"{""jsonrpc"":""2.0"",""id"":1,""error"":{""code"":-32000,""message"":""filter not found""}}"
tempo,chain,eth_simulateV1,fail,jsonrpc error,Other JSON-RPC error,200,-32003,value transfer not allowed
tempo,chain,eth_submitWork,fail,jsonrpc error,Method not supported on chain,200,-32603,unimplemented
botanix,chain,eth_getAccountInfo,fail,jsonrpc error,Method not supported on chain,200,-32601,Method not found
adi,chain,eth_getBalance,fail,dns/connect,Host does not resolve,,,[SSL: CERTIFICATE_VERIFY_FAILED] certificate verify failed: certificate is not yet valid (_ssl.c:1016)
fantom,chain,eth_getBalance,fail,dns/connect,Host does not resolve,,,[Errno -2] Name or service not known
matic,chain,eth_callMany,fail,HTTP 503,Transient or capacity: HTTP 503,503,,"{""jsonrpc"":""2.0"",""id"":1,""error"":{""code"":-32001,""message"":""Unable to complete request at this time.""}}"
fantom,chain,eth_getBlockByHash,fail,dns/connect,Host does not resolve,,,[Errno -2] Name or service not known
fantom,chain,eth_getBlockByNumber,fail,dns/connect,Host does not resolve,,,[Errno -2] Name or service not known
fantom,chain,eth_getBlockReceipts,fail,dns/connect,Host does not resolve,,,[Errno -2] Name or service not known
tea,chain,eth_getBalance,fail,dns/connect,Host does not resolve,,,[Errno -2] Name or service not known
tea,chain,eth_getBlockByHash,fail,dns/connect,Host does not resolve,,,[Errno -2] Name or service not known
opt,chain,eth_fillTransaction,fail,jsonrpc error,Mutation method needs funded sender,200,-32003,insufficient funds for gas * price + value: have 0 want 1
base,chain,eth_fillTransaction,fail,jsonrpc error,Mutation method needs funded sender,200,-32003,insufficient funds for gas * price + value: have 0 want 1
unichain,chain,eth_fillTransaction,fail,jsonrpc error,Mutation method needs funded sender,200,-32003,insufficient funds for gas * price + value: have 0 want 1
ink,chain,eth_fillTransaction,fail,jsonrpc error,Mutation method needs funded sender,200,-32003,insufficient funds for gas * price + value: have 0 want 1
stable,chain,eth_getAccount,fail,jsonrpc error,Method not supported on chain,200,-32601,the method eth_getAccount does not exist/is not available
anime,chain,eth_getAccount,fail,jsonrpc error,Method not supported on chain,200,-32601,the method eth_getAccount does not exist/is not available
celo,chain,eth_fillTransaction,fail,jsonrpc error,Mutation method needs funded sender,200,-32000,insufficient funds for transfer
stable,chain,eth_getBlockByHash,fail,jsonrpc error,Stale example - block reference,200,-32000,block not found for hash 0xd5f1812548be429cbdc6376b29611fc49e06f1359758c4ceaaa3b393e2239f9c
scroll,chain,eth_getAccount,fail,jsonrpc error,Method not supported on chain,200,-32601,the method eth_getAccount does not exist/is not available
celo,chain,eth_getAccount,fail,jsonrpc error,Method not supported on chain,200,-32601,the method eth_getAccount does not exist/is not available
scroll,chain,eth_getAccountInfo,fail,jsonrpc error,Method not supported on chain,200,-32601,the method eth_getAccountInfo does not exist/is not available
flow,chain,eth_getAccountInfo,fail,jsonrpc error,Method not supported on chain,200,-32601,the method eth_getAccountInfo does not exist/is not available
berachain,chain,eth_fillTransaction,fail,jsonrpc error,Mutation method needs funded sender,200,-32003,insufficient funds for gas * price + value: have 0 want 1
apechain,chain,eth_getAccount,fail,jsonrpc error,Method not supported on chain,200,-32601,the method eth_getAccount does not exist/is not available
citrea,chain,eth_createAccessList,fail,HTTP 400,Method not supported on chain,400,,"{""jsonrpc"":""2.0"",""id"":1,""error"":{""code"":-32600,""message"":""Unsupported method: eth_createAccessList on CITREA_MAINNET""}}"
sei,chain,eth_getAccount,fail,jsonrpc error,Method not supported on chain,200,-32601,the method eth_getAccount does not exist/is not available
citrea,chain,eth_estimateDiffSize,fail,jsonrpc error,Mutation method needs funded sender,200,-32003,insufficient funds for gas * price + value: have 0 want 10000
sei,chain,eth_getAccountInfo,fail,jsonrpc error,Method not supported on chain,200,-32601,the method eth_getAccountInfo does not exist/is not available
citrea,chain,eth_estimateGas,fail,jsonrpc error,Mutation method needs funded sender,200,-32003,insufficient funds for gas * price + value: have 0 want 1
apechain,chain,eth_getAccountInfo,fail,jsonrpc error,Method not supported on chain,200,-32601,the method eth_getAccountInfo does not exist/is not available
metis,chain,eth_getAccount,fail,jsonrpc error,Method not supported on chain,200,-32601,the method eth_getAccount does not exist/is not available
stellar,chain,getTransactions,fail,jsonrpc error,Other JSON-RPC error,200,-32600,start ledger (62462511) must be between the oldest ledger: 62549861 and the latest ledger: 62791780 for this rpc instance
bitcoin,chain,getblockfilter,fail,jsonrpc error,Other JSON-RPC error,200,-1,Index is not enabled for filtertype basic
arb,chain,eth_getAccount,fail,jsonrpc error,Method not supported on chain,200,-32601,the method eth_getAccount does not exist/is not available
story,chain,eth_getAccount,fail,jsonrpc error,Method not supported on chain,200,-32601,the method eth_getAccount does not exist/is not available
story,chain,eth_getAccountInfo,fail,HTTP 400,Method not supported on chain,400,,"{""jsonrpc"":""2.0"",""id"":1,""error"":{""code"":-32600,""message"":""Unsupported method: eth_getAccountInfo on STORY_MAINNET""}}"
gensyn,chain,eth_fillTransaction,fail,jsonrpc error,Mutation method needs funded sender,200,-32000,insufficient funds for transfer
gensyn,chain,eth_getAccount,fail,jsonrpc error,Method not supported on chain,200,-32601,the method eth_getAccount does not exist/is not available
gensyn,chain,eth_getAccountInfo,fail,jsonrpc error,Method not supported on chain,200,-32601,the method eth_getAccountInfo does not exist/is not available
clankermon,chain,eth_getAccount,fail,jsonrpc error,Method not supported on chain,200,-32601,the method eth_getAccount does not exist/is not available
bitcoincash,chain,getblockfilter,fail,HTTP 503,Transient or capacity: HTTP 503,503,,"{""jsonrpc"":""2.0"",""id"":1,""error"":{""code"":-32001,""message"":""Unable to complete request at this time.""}}"
bitcoincash,chain,getblockheader,fail,HTTP 503,Transient or capacity: HTTP 503,503,,"{""jsonrpc"":""2.0"",""id"":1,""error"":{""code"":-32001,""message"":""Unable to complete request at this time.""}}"
bitcoincash,chain,getblockstats,fail,HTTP 503,Transient or capacity: HTTP 503,503,,"{""jsonrpc"":""2.0"",""id"":1,""error"":{""code"":-32001,""message"":""Unable to complete request at this time.""}}"
lens,chain,eth_getAccount,fail,jsonrpc error,Method not supported on chain,200,-32601,Method not found
lens,chain,eth_getAccountInfo,fail,jsonrpc error,Method not supported on chain,200,-32601,Method not found
solana-das,product,getNftEditions,fail,jsonrpc error,Other JSON-RPC error,200,-32000,Database Error: RecordNotFound Error: Master Edition not found
shape,chain,eth_fillTransaction,fail,jsonrpc error,Mutation method needs funded sender,200,-32003,insufficient funds for gas * price + value: have 0 want 1
monad,chain,eth_fillTransaction,fail,jsonrpc error,Other JSON-RPC error,200,-32603,reserve balance violation
monad,chain,eth_getAccount,fail,jsonrpc error,Method not supported on chain,200,-32601,Method not found
xmtp,chain,eth_call,fail,jsonrpc error,Mutation method needs funded sender,200,-32000,err: insufficient funds for gas * price + value: address 0x0000000000000000000000000000000000000000 have 0 want 1 (supplied gas 550000000)
gnosis,chain,eth_fillTransaction,fail,jsonrpc error,Method not supported on chain,200,-32601,The method 'eth_fillTransaction' is not supported.
blast,chain,eth_getAccount,fail,jsonrpc error,Method not supported on chain,200,-32601,the method eth_getAccount does not exist/is not available
blast,chain,eth_getAccountInfo,fail,jsonrpc error,Method not supported on chain,200,-32601,the method eth_getAccountInfo does not exist/is not available
xmtp,chain,eth_estimateGas,fail,jsonrpc error,Mutation method needs funded sender,200,-32000,failed with 550000000 gas: insufficient funds for gas * price + value: address 0xd8dA6BF26964aF9D7eEd9e03E53415D37aA96045 have 0 want 1
linea,chain,eth_fillTransaction,fail,jsonrpc error,Mutation method needs funded sender,200,-32000,insufficient funds for transfer
linea,chain,eth_getAccount,fail,jsonrpc error,Method not supported on chain,200,-32601,the method eth_getAccount does not exist/is not available
linea,chain,eth_getAccountInfo,fail,jsonrpc error,Method not supported on chain,200,-32601,the method eth_getAccountInfo does not exist/is not available
superseed,chain,eth_getAccount,fail,jsonrpc error,Method not supported on chain,200,-32601,the method eth_getAccount does not exist/is not available
degen,chain,eth_getAccount,fail,jsonrpc error,Method not supported on chain,200,-32601,the method eth_getAccount does not exist/is not available
tea,chain,eth_getBlockByNumber,fail,dns/connect,Host does not resolve,,,[Errno -2] Name or service not known
tea,chain,eth_getBlockTransactionCountByHash,fail,dns/connect,Host does not resolve,,,[Errno -2] Name or service not known
moonbeam,chain,eth_getAccount,fail,jsonrpc error,Method not supported on chain,200,-32601,Method not found
moonbeam,chain,eth_getAccountInfo,fail,jsonrpc error,Method not supported on chain,200,-32601,Method not found
humanity,chain,eth_getAccount,fail,jsonrpc error,Method not supported on chain,200,-32601,the method eth_getAccount does not exist/is not available
bnb,chain,eth_fillTransaction,fail,jsonrpc error,Mutation method needs funded sender,200,-32000,insufficient funds for transfer
bnb,chain,eth_getAccount,fail,jsonrpc error,Method not supported on chain,200,-32601,the method eth_getAccount does not exist/is not available
soneium,chain,eth_fillTransaction,fail,jsonrpc error,Mutation method needs funded sender,200,-32000,insufficient funds for transfer
robinhood,chain,eth_getAccount,fail,jsonrpc error,Method not supported on chain,200,-32601,the method eth_getAccount does not exist/is not available
litecoin,chain,getblockfilter,fail,HTTP 503,Transient or capacity: HTTP 503,503,,"{""jsonrpc"":""2.0"",""id"":1,""error"":{""code"":-32001,""message"":""Unable to complete request at this time.""}}"
sonic,chain,eth_getAccountInfo,fail,jsonrpc error,Method not supported on chain,200,-32601,the method eth_getAccountInfo does not exist/is not available
mantle,chain,eth_protocolVersion,fail,jsonrpc error,Method not supported on chain,200,-32601,the method eth_protocolVersion does not exist/is not available
mantle,chain,eth_sendRawTransaction,fail,jsonrpc error,Mutation method - pre-EIP-155 example,200,-32000,"failed to forward tx to sequencer, err: 'only replay-protected (EIP-155) transactions allowed over RPC'"
mythos,chain,eth_getAccount,fail,jsonrpc error,Method not supported on chain,200,-32601,the method eth_getAccount does not exist/is not available
litecoin,chain,getblockheader,fail,jsonrpc error,Stale example - block reference,200,-5,Block not found
opbnb,chain,eth_getFilterChanges,fail,HTTP 400,Stateless Try It - filter does not persist,400,,"{""jsonrpc"":""2.0"",""id"":1,""error"":{""code"":-32000,""message"":""filter not found""}}"
eth,chain,eth_getFilterChanges,fail,HTTP 400,Stateless Try It - filter does not persist,400,,"{""jsonrpc"":""2.0"",""id"":1,""error"":{""code"":-32000,""message"":""filter not found""}}"
dogecoin,chain,getblockfilter,fail,HTTP 503,Transient or capacity: HTTP 503,503,,"{""jsonrpc"":""2.0"",""id"":1,""error"":{""code"":-32001,""message"":""Unable to complete request at this time.""}}"
dogecoin,chain,getblockstats,fail,HTTP 503,Transient or capacity: HTTP 503,503,,"{""jsonrpc"":""2.0"",""id"":1,""error"":{""code"":-32001,""message"":""Unable to complete request at this time.""}}"
soneium,chain,eth_getAccount,fail,jsonrpc error,Method not supported on chain,200,-32601,the method eth_getAccount does not exist/is not available
dogecoin,chain,getblockheader,fail,jsonrpc error,Stale example - block reference,200,-5,Block not found
litecoin,chain,getblockstats,fail,jsonrpc error,Stale example - block reference,200,-5,Block not found
soneium,chain,eth_getAccountInfo,fail,jsonrpc error,Method not supported on chain,200,-32601,the method eth_getAccountInfo does not exist/is not available
ronin,chain,eth_protocolVersion,fail,HTTP 400,Method not supported on chain,400,,"{""jsonrpc"":""2.0"",""id"":1,""error"":{""code"":-32600,""message"":""Unsupported method: eth_protocolVersion on RONIN_MAINNET""}}"
mantle,chain,eth_simulateV1,fail,jsonrpc error,Other JSON-RPC error,200,-32000,error calculating DA footprint: missing deposit transaction
abstract,chain,zks_getL2ToL1MsgProof,fail,jsonrpc error,Method not supported on chain,200,-32601,Method not found
avax,chain,eth_callMany,fail,jsonrpc error,Method not supported on chain,200,-32601,the method eth_callMany does not exist/is not available
mantle,chain,eth_submitWork,fail,jsonrpc error,Method not supported on chain,200,-32601,the method eth_submitWork does not exist/is not available
injective,chain,eth_getFilterChanges,fail,HTTP 400,Stateless Try It - filter does not persist,400,,"{""jsonrpc"":""2.0"",""id"":1,""error"":{""code"":-32000,""message"":""filter not found""}}"
zetachain,chain,eth_getRawTransactionByHash,fail,jsonrpc error,Method not supported on chain,200,-32601,the method eth_getRawTransactionByHash does not exist/is not available
hyperliquid,chain,eth_getAccount,fail,jsonrpc error,Method not supported on chain,200,-32601,Method not found
tron,chain,eth_getFilterChanges,fail,HTTP 400,Stateless Try It - filter does not persist,400,,"{""jsonrpc"":""2.0"",""id"":1,""error"":{""code"":-32000,""message"":""filter not found""}}"
tron,chain,eth_getFilterLogs,fail,HTTP 400,Stateless Try It - filter does not persist,400,,"{""jsonrpc"":""2.0"",""id"":1,""error"":{""code"":-32000,""message"":""filter not found""}}"
tron,chain,eth_getRawTransactionByHash,fail,jsonrpc error,Method not supported on chain,200,-32601,method not found
fantom,chain,eth_getBlockTransactionCountByHash,fail,dns/connect,Host does not resolve,,,[Errno -2] Name or service not known
zksync,chain,eth_getFilterChanges,fail,HTTP 400,Stateless Try It - filter does not persist,400,,"{""jsonrpc"":""2.0"",""id"":1,""error"":{""code"":-32000,""message"":""filter not found""}}"
adi,chain,eth_getFilterChanges,fail,HTTP 400,Stateless Try It - filter does not persist,400,,"{""jsonrpc"":""2.0"",""id"":1,""error"":{""code"":-32000,""message"":""filter not found""}}"
adi,chain,eth_getFilterLogs,fail,HTTP 400,Stateless Try It - filter does not persist,400,,"{""jsonrpc"":""2.0"",""id"":1,""error"":{""code"":-32000,""message"":""filter not found""}}"
fantom,chain,eth_getBlockTransactionCountByNumber,fail,dns/connect,Host does not resolve,,,[Errno -2] Name or service not known
matic,chain,eth_fillTransaction,fail,jsonrpc error,Mutation method needs funded sender,200,-32000,insufficient funds for transfer
fantom,chain,eth_getCode,fail,dns/connect,Host does not resolve,,,[Errno -2] Name or service not known
rootstock,chain,eth_getFilterChanges,fail,HTTP 400,Stateless Try It - filter does not persist,400,,"{""jsonrpc"":""2.0"",""id"":1,""error"":{""code"":-32000,""message"":""filter not found""}}"
fantom,chain,eth_getFilterChanges,fail,dns/connect,Host does not resolve,,,[Errno -2] Name or service not known
tea,chain,eth_getBlockTransactionCountByNumber,fail,dns/connect,Host does not resolve,,,[Errno -2] Name or service not known
rootstock,chain,eth_getFilterLogs,fail,HTTP 400,Stateless Try It - filter does not persist,400,,"{""jsonrpc"":""2.0"",""id"":1,""error"":{""code"":-32000,""message"":""filter not found""}}"
matic,chain,eth_getAccount,fail,jsonrpc error,Method not supported on chain,200,-32601,the method eth_getAccount does not exist/is not available
tea,chain,eth_getCode,fail,dns/connect,Host does not resolve,,,[Errno -2] Name or service not known
celo,chain,eth_getAccountInfo,fail,jsonrpc error,Method not supported on chain,200,-32601,the method eth_getAccountInfo does not exist/is not available
jovay,chain,eth_getFilterChanges,fail,HTTP 400,Stateless Try It - filter does not persist,400,,"{""jsonrpc"":""2.0"",""id"":1,""error"":{""code"":-32000,""message"":""filter not found""}}"
jovay,chain,eth_getFilterLogs,fail,HTTP 400,Stateless Try It - filter does not persist,400,,"{""jsonrpc"":""2.0"",""id"":1,""error"":{""code"":-32000,""message"":""filter not found""}}"
sei,chain,eth_getBlockByHash,fail,jsonrpc error,Other JSON-RPC error,200,-32000,could not find block for hash D5F1812548BE429CBDC6376B29611FC49E06F1359758C4CEAAA3B393E2239F9C
sei,chain,eth_getBlockByNumber,fail,jsonrpc error,Other JSON-RPC error,200,-32000,EVM is only supported from block 79123881 onwards
citrea,chain,eth_getAccount,fail,jsonrpc error,Method not supported on chain,200,-32601,Method not found
citrea,chain,eth_fillTransaction,fail,jsonrpc error,Method not supported on chain,200,-32601,Method not found
citrea,chain,eth_getAccountInfo,fail,jsonrpc error,Method not supported on chain,200,-32601,Method not found
sei,chain,eth_getBlockTransactionCountByHash,fail,jsonrpc error,Other JSON-RPC error,200,-32000,could not find block for hash B903239F8543D04B5DC1BA6579132B143087C68DB1B2168786408FCBCE568238
worldmobilechain,chain,eth_estimateGas,fail,jsonrpc error,Mutation method needs funded sender,200,-32000,failed with 550000000 gas: insufficient funds for gas * price + value: address 0xd8dA6BF26964aF9D7eEd9e03E53415D37aA96045 have 0 want 1
metis,chain,eth_getFilterChanges,fail,HTTP 400,Stateless Try It - filter does not persist,400,,"{""jsonrpc"":""2.0"",""id"":1,""error"":{""code"":-32000,""message"":""filter not found""}}"
frax,chain,eth_getFilterChanges,fail,HTTP 400,Stateless Try It - filter does not persist,400,,"{""jsonrpc"":""2.0"",""id"":1,""error"":{""code"":-32000,""message"":""filter not found""}}"
frax,chain,eth_getFilterLogs,fail,HTTP 400,Stateless Try It - filter does not persist,400,,"{""jsonrpc"":""2.0"",""id"":1,""error"":{""code"":-32000,""message"":""filter not found""}}"
bitcoin,chain,getblocktemplate,fail,dns/connect,Host does not resolve,,,[SSL: CERTIFICATE_VERIFY_FAILED] certificate verify failed: certificate is not yet valid (_ssl.c:1016)
katana,chain,eth_getFilterChanges,fail,HTTP 400,Stateless Try It - filter does not persist,400,,"{""jsonrpc"":""2.0"",""id"":1,""error"":{""code"":-32000,""message"":""filter not found""}}"
settlus,chain,eth_getFilterChanges,fail,HTTP 400,Stateless Try It - filter does not persist,400,,"{""jsonrpc"":""2.0"",""id"":1,""error"":{""code"":-32000,""message"":""filter not found""}}"
bitcoincash,chain,getchaintxstats,fail,HTTP 503,Transient or capacity: HTTP 503,503,,"{""jsonrpc"":""2.0"",""id"":1,""error"":{""code"":-32001,""message"":""Unable to complete request at this time.""}}"
polygonzkevm,chain,eth_getFilterChanges,fail,HTTP 400,Stateless Try It - filter does not persist,400,,"{""jsonrpc"":""2.0"",""id"":1,""error"":{""code"":-32000,""message"":""filter not found""}}"
polygonzkevm,chain,eth_getFilterLogs,fail,HTTP 400,Stateless Try It - filter does not persist,400,,"{""jsonrpc"":""2.0"",""id"":1,""error"":{""code"":-32000,""message"":""filter not found""}}"
monad,chain,eth_getAccountInfo,fail,jsonrpc error,Method not supported on chain,200,-32601,Method not found
xmtp,chain,eth_fillTransaction,fail,jsonrpc error,Mutation method needs funded sender,200,-32000,insufficient funds for transfer
crossfi,chain,eth_getFilterChanges,fail,HTTP 400,Stateless Try It - filter does not persist,400,,"{""jsonrpc"":""2.0"",""id"":1,""error"":{""code"":-32000,""message"":""filter not found""}}"
crossfi,chain,eth_getFilterLogs,fail,HTTP 400,Stateless Try It - filter does not persist,400,,"{""jsonrpc"":""2.0"",""id"":1,""error"":{""code"":-32000,""message"":""filter not found""}}"
superseed,chain,eth_sendRawTransaction,fail,jsonrpc error,Mutation method - pre-EIP-155 example,200,-32000,only replay-protected (EIP-155) transactions allowed over RPC
astar,chain,eth_getFilterChanges,fail,HTTP 400,Stateless Try It - filter does not persist,400,,"{""jsonrpc"":""2.0"",""id"":1,""error"":{""code"":-32000,""message"":""filter not found""}}"
astar,chain,eth_getFilterLogs,fail,HTTP 400,Stateless Try It - filter does not persist,400,,"{""jsonrpc"":""2.0"",""id"":1,""error"":{""code"":-32000,""message"":""filter not found""}}"
tea,chain,eth_getFilterChanges,fail,dns/connect,Host does not resolve,,,[Errno -2] Name or service not known
tea,chain,eth_getFilterLogs,fail,dns/connect,Host does not resolve,,,[Errno -2] Name or service not known
ronin,chain,eth_sendRawTransaction,fail,jsonrpc error,Mutation method - stale nonce example,200,-32000,"nonce too low: next nonce 7, tx nonce 1"
eth,chain,eth_getProof,fail,jsonrpc error,Example payload type/format invalid,200,-32000,hex string invalid
litecoin,chain,getblocktemplate,fail,HTTP 503,Transient or capacity: HTTP 503,503,,"{""jsonrpc"":""2.0"",""id"":1,""error"":{""code"":-32001,""message"":""Unable to complete request at this time.""}}"
avax,chain,eth_createAccessList,fail,jsonrpc error,Mutation method needs funded sender,200,-32000,failed to apply transaction: 0x06e1fc810838685f59bb39dc2fa1e1c9b8ed248faa8961c29923b255e4ef9241 err: insufficient funds for gas * price + value: address 0xaeA8F8f781326bfE6A7683C2BD48Dd6AA4d3Ba63 have
eth,chain,eth_getFilterLogs,fail,HTTP 400,Stateless Try It - filter does not persist,400,,"{""jsonrpc"":""2.0"",""id"":1,""error"":{""code"":-32000,""message"":""filter not found""}}"
opbnb,chain,eth_getFilterLogs,fail,HTTP 400,Stateless Try It - filter does not persist,400,,"{""jsonrpc"":""2.0"",""id"":1,""error"":{""code"":-32000,""message"":""filter not found""}}"
litecoin,chain,getchaintxstats,fail,HTTP 503,Transient or capacity: HTTP 503,503,,"{""jsonrpc"":""2.0"",""id"":1,""error"":{""code"":-32001,""message"":""Unable to complete request at this time.""}}"
opbnb,chain,eth_getProof,fail,jsonrpc error,Example payload type/format invalid,200,-32000,hex string invalid
zora,chain,eth_getFilterChanges,fail,HTTP 400,Stateless Try It - filter does not persist,400,,"{""jsonrpc"":""2.0"",""id"":1,""error"":{""code"":-32000,""message"":""filter not found""}}"
zora,chain,eth_getFilterLogs,fail,HTTP 400,Stateless Try It - filter does not persist,400,,"{""jsonrpc"":""2.0"",""id"":1,""error"":{""code"":-32000,""message"":""filter not found""}}"
dogecoin,chain,getchaintxstats,fail,HTTP 503,Transient or capacity: HTTP 503,503,,"{""jsonrpc"":""2.0"",""id"":1,""error"":{""code"":-32001,""message"":""Unable to complete request at this time.""}}"
ronin,chain,eth_submitWork,fail,jsonrpc error,Method not supported on chain,200,-32603,unimplemented
zora,chain,eth_getProof,fail,jsonrpc error,Example payload type/format invalid,200,-32602,"invalid hex in storage key: ""0x283s34c8e2b1456f09832c71e5d6a0b4f8c9e1d3a2b5c7f0e6d4a8b2c1f3e5d7"""
injective,chain,eth_getRawTransactionByHash,fail,jsonrpc error,Method not supported on chain,200,-32601,the method eth_getRawTransactionByHash does not exist/is not available
injective,chain,eth_getFilterLogs,fail,HTTP 400,Stateless Try It - filter does not persist,400,,"{""jsonrpc"":""2.0"",""id"":1,""error"":{""code"":-32000,""message"":""filter not found""}}"
botanix,chain,eth_getFilterChanges,fail,HTTP 400,Stateless Try It - filter does not persist,400,,"{""jsonrpc"":""2.0"",""id"":1,""error"":{""code"":-32000,""message"":""filter not found""}}"
botanix,chain,eth_getFilterLogs,fail,HTTP 400,Stateless Try It - filter does not persist,400,,"{""jsonrpc"":""2.0"",""id"":1,""error"":{""code"":-32000,""message"":""filter not found""}}"
zksync,chain,eth_getFilterLogs,fail,HTTP 400,Stateless Try It - filter does not persist,400,,"{""jsonrpc"":""2.0"",""id"":1,""error"":{""code"":-32000,""message"":""filter not found""}}"
fantom,chain,eth_getFilterLogs,fail,dns/connect,Host does not resolve,,,[Errno -2] Name or service not known
zksync,chain,eth_getRawTransactionByHash,fail,jsonrpc error,Method not supported on chain,200,-32601,Method not found
fantom,chain,eth_getLogs,fail,dns/connect,Host does not resolve,,,[Errno -2] Name or service not known
fantom,chain,eth_getProof,fail,dns/connect,Host does not resolve,,,[Errno -2] Name or service not known
fantom,chain,eth_getStorageAt,fail,dns/connect,Host does not resolve,,,[Errno -2] Name or service not known
tea,chain,eth_getLogs,fail,dns/connect,Host does not resolve,,,[Errno -2] Name or service not known
tea,chain,eth_getRawTransactionByHash,fail,dns/connect,Host does not resolve,,,[Errno -2] Name or service not known
rootstock,chain,eth_getRawTransactionByHash,fail,jsonrpc error,Method not supported on chain,200,-32601,method not found
opt,chain,eth_getFilterChanges,fail,HTTP 400,Stateless Try It - filter does not persist,400,,"{""jsonrpc"":""2.0"",""id"":1,""error"":{""code"":-32000,""message"":""filter not found""}}"
tempo,chain,eth_call,fail,jsonrpc error,Other JSON-RPC error,200,-32603,Revm error: value transfer not allowed
anime,chain,eth_getFilterLogs,fail,HTTP 400,Stateless Try It - filter does not persist,400,,"{""jsonrpc"":""2.0"",""id"":1,""error"":{""code"":-32000,""message"":""filter not found""}}"
anime,chain,eth_getFilterChanges,fail,HTTP 400,Stateless Try It - filter does not persist,400,,"{""jsonrpc"":""2.0"",""id"":1,""error"":{""code"":-32000,""message"":""filter not found""}}"
megaeth,chain,eth_getFilterLogs,fail,HTTP 400,Stateless Try It - filter does not persist,400,,"{""jsonrpc"":""2.0"",""id"":1,""error"":{""code"":-32000,""message"":""filter not found""}}"
megaeth,chain,eth_getFilterChanges,fail,HTTP 400,Stateless Try It - filter does not persist,400,,"{""jsonrpc"":""2.0"",""id"":1,""error"":{""code"":-32000,""message"":""filter not found""}}"
anime,chain,eth_getProof,fail,jsonrpc error,Example payload type/format invalid,200,-32000,hex string invalid
stable,chain,eth_getFilterChanges,fail,HTTP 400,Stateless Try It - filter does not persist,400,,"{""jsonrpc"":""2.0"",""id"":1,""error"":{""code"":-32000,""message"":""filter not found""}}"
stable,chain,eth_getFilterLogs,fail,HTTP 400,Stateless Try It - filter does not persist,400,,"{""jsonrpc"":""2.0"",""id"":1,""error"":{""code"":-32000,""message"":""filter not found""}}"
scroll,chain,eth_getFilterChanges,fail,HTTP 400,Stateless Try It - filter does not persist,400,,"{""jsonrpc"":""2.0"",""id"":1,""error"":{""code"":-32000,""message"":""filter not found""}}"
scroll,chain,eth_getFilterLogs,fail,HTTP 400,Stateless Try It - filter does not persist,400,,"{""jsonrpc"":""2.0"",""id"":1,""error"":{""code"":-32000,""message"":""filter not found""}}"
flow,chain,eth_getFilterChanges,fail,HTTP 400,Stateless Try It - filter does not persist,400,,"{""jsonrpc"":""2.0"",""id"":1,""error"":{""code"":-32000,""message"":""filter not found""}}"
flow,chain,eth_getFilterLogs,fail,HTTP 400,Stateless Try It - filter does not persist,400,,"{""jsonrpc"":""2.0"",""id"":1,""error"":{""code"":-32000,""message"":""filter not found""}}"
flow,chain,eth_getRawTransactionByHash,fail,jsonrpc error,Method not supported on chain,200,-32601,the method eth_getRawTransactionByHash does not exist/is not available
pharos,chain,eth_getFilterChanges,fail,HTTP 400,Stateless Try It - filter does not persist,400,,"{""jsonrpc"":""2.0"",""id"":1,""error"":{""code"":-32000,""message"":""filter not found""}}"
pharos,chain,eth_getFilterLogs,fail,HTTP 400,Stateless Try It - filter does not persist,400,,"{""jsonrpc"":""2.0"",""id"":1,""error"":{""code"":-32000,""message"":""filter not found""}}"
pharos,chain,eth_getProof,fail,jsonrpc error,Example payload type/format invalid,200,-32700,"PARAM_VERIFY_ERROR: failed to parse slot, invalid hex character"
jovay,chain,eth_getRawTransactionByHash,fail,jsonrpc error,Method not supported on chain,200,-32601,METHOD_NOT_FOUND
worldchain,chain,eth_getFilterChanges,fail,HTTP 400,Stateless Try It - filter does not persist,400,,"{""jsonrpc"":""2.0"",""id"":1,""error"":{""code"":-32000,""message"":""filter not found""}}"
sei,chain,eth_getFilterChanges,fail,HTTP 400,Stateless Try It - filter does not persist,400,,"{""jsonrpc"":""2.0"",""id"":1,""error"":{""code"":-32000,""message"":""filter not found""}}"
apechain,chain,eth_getFilterChanges,fail,HTTP 400,Stateless Try It - filter does not persist,400,,"{""jsonrpc"":""2.0"",""id"":1,""error"":{""code"":-32000,""message"":""filter not found""}}"
sei,chain,eth_getFilterLogs,fail,HTTP 400,Stateless Try It - filter does not persist,400,,"{""jsonrpc"":""2.0"",""id"":1,""error"":{""code"":-32000,""message"":""filter not found""}}"
apechain,chain,eth_getFilterLogs,fail,HTTP 400,Stateless Try It - filter does not persist,400,,"{""jsonrpc"":""2.0"",""id"":1,""error"":{""code"":-32000,""message"":""filter not found""}}"
worldmobilechain,chain,eth_getAccount,fail,jsonrpc error,Method not supported on chain,200,-32601,the method eth_getAccount does not exist/is not available
metis,chain,eth_getFilterLogs,fail,HTTP 400,Stateless Try It - filter does not persist,400,,"{""jsonrpc"":""2.0"",""id"":1,""error"":{""code"":-32000,""message"":""filter not found""}}"
bitcoin,chain,getmempoolancestors,fail,jsonrpc error,Other JSON-RPC error,200,-5,Transaction not in mempool
katana,chain,eth_getFilterLogs,fail,HTTP 400,Stateless Try It - filter does not persist,400,,"{""jsonrpc"":""2.0"",""id"":1,""error"":{""code"":-32000,""message"":""filter not found""}}"
plasma,chain,eth_getFilterChanges,fail,HTTP 400,Stateless Try It - filter does not persist,400,,"{""jsonrpc"":""2.0"",""id"":1,""error"":{""code"":-32000,""message"":""filter not found""}}"
plasma,chain,eth_getFilterLogs,fail,HTTP 400,Stateless Try It - filter does not persist,400,,"{""jsonrpc"":""2.0"",""id"":1,""error"":{""code"":-32000,""message"":""filter not found""}}"
arb,chain,eth_getFilterLogs,fail,HTTP 400,Stateless Try It - filter does not persist,400,,"{""jsonrpc"":""2.0"",""id"":1,""error"":{""code"":-32000,""message"":""filter not found""}}"
arb,chain,eth_getFilterChanges,fail,HTTP 400,Stateless Try It - filter does not persist,400,,"{""jsonrpc"":""2.0"",""id"":1,""error"":{""code"":-32000,""message"":""filter not found""}}"
story,chain,eth_getFilterChanges,fail,HTTP 400,Stateless Try It - filter does not persist,400,,"{""jsonrpc"":""2.0"",""id"":1,""error"":{""code"":-32000,""message"":""filter not found""}}"
story,chain,eth_getFilterLogs,fail,HTTP 400,Stateless Try It - filter does not persist,400,,"{""jsonrpc"":""2.0"",""id"":1,""error"":{""code"":-32000,""message"":""filter not found""}}"
settlus,chain,eth_getFilterLogs,fail,HTTP 400,Stateless Try It - filter does not persist,400,,"{""jsonrpc"":""2.0"",""id"":1,""error"":{""code"":-32000,""message"":""filter not found""}}"
settlus,chain,eth_getProof,fail,jsonrpc error,Example payload type/format invalid,200,-32000,hex string invalid
gensyn,chain,eth_getFilterChanges,fail,HTTP 400,Stateless Try It - filter does not persist,400,,"{""jsonrpc"":""2.0"",""id"":1,""error"":{""code"":-32000,""message"":""filter not found""}}"
mode,chain,eth_getFilterChanges,fail,HTTP 400,Stateless Try It - filter does not persist,400,,"{""jsonrpc"":""2.0"",""id"":1,""error"":{""code"":-32000,""message"":""filter not found""}}"
mode,chain,eth_getFilterLogs,fail,HTTP 400,Stateless Try It - filter does not persist,400,,"{""jsonrpc"":""2.0"",""id"":1,""error"":{""code"":-32000,""message"":""filter not found""}}"
mode,chain,eth_getProof,fail,jsonrpc error,Invalid params shape (-32602),200,-32602,Invalid params
clankermon,chain,eth_getFilterChanges,fail,HTTP 400,Stateless Try It - filter does not persist,400,,"{""jsonrpc"":""2.0"",""id"":1,""error"":{""code"":-32000,""message"":""filter not found""}}"
clankermon,chain,eth_getFilterLogs,fail,HTTP 400,Stateless Try It - filter does not persist,400,,"{""jsonrpc"":""2.0"",""id"":1,""error"":{""code"":-32000,""message"":""filter not found""}}"
clankermon,chain,eth_getProof,fail,jsonrpc error,Example payload type/format invalid,200,-32000,hex string invalid
bitcoincash,chain,getmempoolancestors,fail,HTTP 503,Transient or capacity: HTTP 503,503,,"{""jsonrpc"":""2.0"",""id"":1,""error"":{""code"":-32001,""message"":""Unable to complete request at this time.""}}"
lens,chain,eth_getFilterLogs,fail,HTTP 400,Stateless Try It - filter does not persist,400,,"{""jsonrpc"":""2.0"",""id"":1,""error"":{""code"":-32000,""message"":""filter not found""}}"
lens,chain,eth_getFilterChanges,fail,HTTP 400,Stateless Try It - filter does not persist,400,,"{""jsonrpc"":""2.0"",""id"":1,""error"":{""code"":-32000,""message"":""filter not found""}}"
shape,chain,eth_getFilterChanges,fail,HTTP 400,Stateless Try It - filter does not persist,400,,"{""jsonrpc"":""2.0"",""id"":1,""error"":{""code"":-32000,""message"":""filter not found""}}"
xmtp,chain,eth_getAccount,fail,jsonrpc error,Method not supported on chain,200,-32601,the method eth_getAccount does not exist/is not available
gnosis,chain,eth_getFilterChanges,fail,HTTP 400,Stateless Try It - filter does not persist,400,,"{""jsonrpc"":""2.0"",""id"":1,""error"":{""code"":-32000,""message"":""filter not found""}}"
blast,chain,eth_getFilterChanges,fail,HTTP 400,Stateless Try It - filter does not persist,400,,"{""jsonrpc"":""2.0"",""id"":1,""error"":{""code"":-32000,""message"":""filter not found""}}"
blast,chain,eth_getFilterLogs,fail,HTTP 400,Stateless Try It - filter does not persist,400,,"{""jsonrpc"":""2.0"",""id"":1,""error"":{""code"":-32000,""message"":""filter not found""}}"
xlayer,chain,eth_sendRawTransaction,fail,jsonrpc error,Mutation method - stale nonce example,200,-32000,"nonce too low: next nonce 2, tx nonce 1"
crossfi,chain,eth_getProof,fail,HTTP 400,Method not supported on chain,400,,"{""jsonrpc"":""2.0"",""id"":1,""error"":{""code"":-32600,""message"":""Unsupported method: eth_getProof on CROSSFI_MAINNET""}}"
crossfi,chain,eth_getRawTransactionByHash,fail,jsonrpc error,Method not supported on chain,200,-32601,the method eth_getRawTransactionByHash does not exist/is not available
linea,chain,eth_getFilterChanges,fail,HTTP 400,Stateless Try It - filter does not persist,400,,"{""jsonrpc"":""2.0"",""id"":1,""error"":{""code"":-32000,""message"":""filter not found""}}"
rise,chain,eth_getFilterChanges,fail,HTTP 400,Stateless Try It - filter does not persist,400,,"{""jsonrpc"":""2.0"",""id"":1,""error"":{""code"":-32000,""message"":""filter not found""}}"
tea,chain,eth_getStorageAt,fail,dns/connect,Host does not resolve,,,[Errno -2] Name or service not known
tea,chain,eth_getTransactionByBlockHashAndIndex,fail,dns/connect,Host does not resolve,,,[Errno -2] Name or service not known
rise,chain,eth_getFilterLogs,fail,HTTP 400,Stateless Try It - filter does not persist,400,,"{""jsonrpc"":""2.0"",""id"":1,""error"":{""code"":-32000,""message"":""filter not found""}}"
superseed,chain,eth_getFilterChanges,fail,HTTP 400,Stateless Try It - filter does not persist,400,,"{""jsonrpc"":""2.0"",""id"":1,""error"":{""code"":-32000,""message"":""filter not found""}}"
moonbeam,chain,eth_getFilterChanges,fail,HTTP 400,Stateless Try It - filter does not persist,400,,"{""jsonrpc"":""2.0"",""id"":1,""error"":{""code"":-32000,""message"":""filter not found""}}"
degen,chain,eth_getFilterLogs,fail,HTTP 400,Stateless Try It - filter does not persist,400,,"{""jsonrpc"":""2.0"",""id"":1,""error"":{""code"":-32000,""message"":""filter not found""}}"
astar,chain,eth_getRawTransactionByHash,fail,jsonrpc error,Method not supported on chain,200,-32601,Method not found
superseed,chain,eth_getFilterLogs,fail,HTTP 400,Stateless Try It - filter does not persist,400,,"{""jsonrpc"":""2.0"",""id"":1,""error"":{""code"":-32000,""message"":""filter not found""}}"
degen,chain,eth_getProof,fail,jsonrpc error,Example payload type/format invalid,200,-32000,hex string invalid
moonbeam,chain,eth_getFilterLogs,fail,HTTP 400,Stateless Try It - filter does not persist,400,,"{""jsonrpc"":""2.0"",""id"":1,""error"":{""code"":-32000,""message"":""filter not found""}}"
humanity,chain,eth_getFilterLogs,fail,HTTP 400,Stateless Try It - filter does not persist,400,,"{""jsonrpc"":""2.0"",""id"":1,""error"":{""code"":-32000,""message"":""filter not found""}}"
humanity,chain,eth_getFilterChanges,fail,HTTP 400,Stateless Try It - filter does not persist,400,,"{""jsonrpc"":""2.0"",""id"":1,""error"":{""code"":-32000,""message"":""filter not found""}}"
degen,chain,eth_getFilterChanges,fail,HTTP 400,Stateless Try It - filter does not persist,400,,"{""jsonrpc"":""2.0"",""id"":1,""error"":{""code"":-32000,""message"":""filter not found""}}"
robinhood,chain,eth_getFilterChanges,fail,HTTP 400,Stateless Try It - filter does not persist,400,,"{""jsonrpc"":""2.0"",""id"":1,""error"":{""code"":-32000,""message"":""filter not found""}}"
robinhood,chain,eth_getFilterLogs,fail,HTTP 400,Stateless Try It - filter does not persist,400,,"{""jsonrpc"":""2.0"",""id"":1,""error"":{""code"":-32000,""message"":""filter not found""}}"
sonic,chain,eth_getFilterChanges,fail,HTTP 400,Stateless Try It - filter does not persist,400,,"{""jsonrpc"":""2.0"",""id"":1,""error"":{""code"":-32000,""message"":""filter not found""}}"
sonic,chain,eth_getFilterLogs,fail,HTTP 400,Stateless Try It - filter does not persist,400,,"{""jsonrpc"":""2.0"",""id"":1,""error"":{""code"":-32000,""message"":""filter not found""}}"
avax,chain,eth_fillTransaction,fail,jsonrpc error,Mutation method needs funded sender,200,-32000,insufficient funds for transfer
mythos,chain,eth_getFilterChanges,fail,HTTP 400,Stateless Try It - filter does not persist,400,,"{""jsonrpc"":""2.0"",""id"":1,""error"":{""code"":-32000,""message"":""filter not found""}}"
mythos,chain,eth_getFilterLogs,fail,HTTP 400,Stateless Try It - filter does not persist,400,,"{""jsonrpc"":""2.0"",""id"":1,""error"":{""code"":-32000,""message"":""filter not found""}}"
dogecoin,chain,getindexinfo,fail,HTTP 503,Transient or capacity: HTTP 503,503,,"{""jsonrpc"":""2.0"",""id"":1,""error"":{""code"":-32001,""message"":""Unable to complete request at this time.""}}"
tempo,chain,eth_callBundle,fail,jsonrpc error,Invalid params shape (-32602),200,-32602,Invalid params
dogecoin,chain,getmemoryinfo,fail,HTTP 503,Transient or capacity: HTTP 503,503,,"{""jsonrpc"":""2.0"",""id"":1,""error"":{""code"":-32001,""message"":""Unable to complete request at this time.""}}"
dogecoin,chain,getmempoolancestors,fail,HTTP 503,Transient or capacity: HTTP 503,503,,"{""jsonrpc"":""2.0"",""id"":1,""error"":{""code"":-32001,""message"":""Unable to complete request at this time.""}}"
litecoin,chain,getmempoolancestors,fail,jsonrpc error,Other JSON-RPC error,200,-5,Transaction not in mempool
soneium,chain,eth_getFilterChanges,fail,HTTP 400,Stateless Try It - filter does not persist,400,,"{""jsonrpc"":""2.0"",""id"":1,""error"":{""code"":-32000,""message"":""filter not found""}}"
avax,chain,eth_getAccount,fail,jsonrpc error,Method not supported on chain,200,-32601,the method eth_getAccount does not exist/is not available
avax,chain,eth_getAccountInfo,fail,jsonrpc error,Method not supported on chain,200,-32601,the method eth_getAccountInfo does not exist/is not available
abstract,chain,zks_sendRawTransactionWithDetailedOutput,fail,jsonrpc error,Method not supported on chain,200,-32601,Method not found
injective,chain,eth_getTransactionByBlockNumberAndIndex,fail,jsonrpc error,Other JSON-RPC error,200,-32000,"error in json rpc client, with http response metadata: (Status: 200 OK, Protocol HTTP/1.1). RPC error -32603 - Internal error: height 82990 is not available, lowest height is 160612644"
tempo,chain,eth_callMany,fail,jsonrpc error,Mutation method - gas mismatch,200,-32000,call_many error in bundle 0 and transaction 1: intrinsic gas too low
tron,chain,eth_getTransactionCount,fail,jsonrpc error,Method not supported on chain,200,-32601,the method eth_getTransactionCount does not exist/is not available
botanix,chain,eth_getProof,fail,jsonrpc error,Invalid params shape (-32602),200,-32602,Invalid params
fantom,chain,eth_getTransactionByBlockHashAndIndex,fail,dns/connect,Host does not resolve,,,[Errno -2] Name or service not known
fantom,chain,eth_getTransactionByBlockNumberAndIndex,fail,dns/connect,Host does not resolve,,,[Errno -2] Name or service not known
fantom,chain,eth_getTransactionByHash,fail,dns/connect,Host does not resolve,,,[Errno -2] Name or service not known
fantom,chain,eth_getTransactionCount,fail,dns/connect,Host does not resolve,,,[Errno -2] Name or service not known
tea,chain,eth_getTransactionByBlockNumberAndIndex,fail,dns/connect,Host does not resolve,,,[Errno -2] Name or service not known
tea,chain,eth_getTransactionByHash,fail,dns/connect,Host does not resolve,,,[Errno -2] Name or service not known
matic,chain,eth_getFilterChanges,fail,HTTP 400,Stateless Try It - filter does not persist,400,,"{""jsonrpc"":""2.0"",""id"":1,""error"":{""code"":-32000,""message"":""filter not found""}}"
base,chain,eth_getFilterChanges,fail,HTTP 400,Stateless Try It - filter does not persist,400,,"{""jsonrpc"":""2.0"",""id"":1,""error"":{""code"":-32000,""message"":""filter not found""}}"
base,chain,eth_getFilterLogs,fail,HTTP 400,Stateless Try It - filter does not persist,400,,"{""jsonrpc"":""2.0"",""id"":1,""error"":{""code"":-32000,""message"":""filter not found""}}"
opt,chain,eth_getFilterLogs,fail,HTTP 400,Stateless Try It - filter does not persist,400,,"{""jsonrpc"":""2.0"",""id"":1,""error"":{""code"":-32000,""message"":""filter not found""}}"
unichain,chain,eth_getFilterChanges,fail,HTTP 400,Stateless Try It - filter does not persist,400,,"{""jsonrpc"":""2.0"",""id"":1,""error"":{""code"":-32000,""message"":""filter not found""}}"
unichain,chain,eth_getFilterLogs,fail,HTTP 400,Stateless Try It - filter does not persist,400,,"{""jsonrpc"":""2.0"",""id"":1,""error"":{""code"":-32000,""message"":""filter not found""}}"
unichain,chain,eth_getProof,fail,jsonrpc error,Example payload type/format invalid,200,-32000,hex string invalid
ink,chain,eth_getFilterChanges,fail,HTTP 400,Stateless Try It - filter does not persist,400,,"{""jsonrpc"":""2.0"",""id"":1,""error"":{""code"":-32000,""message"":""filter not found""}}"
ink,chain,eth_getFilterLogs,fail,HTTP 400,Stateless Try It - filter does not persist,400,,"{""jsonrpc"":""2.0"",""id"":1,""error"":{""code"":-32000,""message"":""filter not found""}}"
ink,chain,eth_getProof,fail,jsonrpc error,Example payload type/format invalid,200,-32000,hex string invalid
opt,chain,eth_getProof,fail,jsonrpc error,Example payload type/format invalid,200,-32000,hex string invalid
stable,chain,eth_getRawTransactionByHash,fail,jsonrpc error,Method not supported on chain,200,-32601,the method eth_getRawTransactionByHash does not exist/is not available
celo,chain,eth_getFilterChanges,fail,HTTP 400,Stateless Try It - filter does not persist,400,,"{""jsonrpc"":""2.0"",""id"":1,""error"":{""code"":-32000,""message"":""filter not found""}}"
celo,chain,eth_getFilterLogs,fail,HTTP 400,Stateless Try It - filter does not persist,400,,"{""jsonrpc"":""2.0"",""id"":1,""error"":{""code"":-32000,""message"":""filter not found""}}"
celo,chain,eth_getProof,fail,jsonrpc error,Example payload type/format invalid,200,-32000,hex string invalid
berachain,chain,eth_getFilterChanges,fail,HTTP 400,Stateless Try It - filter does not persist,400,,"{""jsonrpc"":""2.0"",""id"":1,""error"":{""code"":-32000,""message"":""filter not found""}}"
berachain,chain,eth_getFilterLogs,fail,HTTP 400,Stateless Try It - filter does not persist,400,,"{""jsonrpc"":""2.0"",""id"":1,""error"":{""code"":-32000,""message"":""filter not found""}}"
berachain,chain,eth_getProof,fail,jsonrpc error,Invalid params shape (-32602),200,-32602,Invalid params
pharos,chain,eth_getRawTransactionByHash,fail,jsonrpc error,Method not supported on chain,200,-32601,METHOD_NOT_FOUND
worldchain,chain,eth_getFilterLogs,fail,HTTP 400,Stateless Try It - filter does not persist,400,,"{""jsonrpc"":""2.0"",""id"":1,""error"":{""code"":-32000,""message"":""filter not found""}}"
worldchain,chain,eth_getProof,fail,jsonrpc error,Example payload type/format invalid,200,-32602,"invalid hex in storage key: ""0x283s34c8e2b1456f09832c71e5d6a0b4f8c9e1d3a2b5c7f0e6d4a8b2c1f3e5d7"""
apechain,chain,eth_getProof,fail,jsonrpc error,Example payload type/format invalid,200,-32000,hex string invalid
sei,chain,eth_getRawTransactionByHash,fail,jsonrpc error,Method not supported on chain,200,-32601,the method eth_getRawTransactionByHash does not exist/is not available
sei,chain,eth_getTransactionByBlockHashAndIndex,fail,jsonrpc error,Other JSON-RPC error,200,-32000,could not find block for hash BF137C3A7A1EBDFAC21252765E5D7F40D115C2757E4A4ABEE929BE88C624FDB7
citrea,chain,eth_getFilterChanges,fail,HTTP 400,Stateless Try It - filter does not persist,400,,"{""jsonrpc"":""2.0"",""id"":1,""error"":{""code"":-32000,""message"":""filter not found""}}"
bitcoin,chain,getmempooldescendants,fail,jsonrpc error,Other JSON-RPC error,200,-5,Transaction not in mempool
plasma,chain,eth_getProof,fail,jsonrpc error,Invalid params shape (-32602),200,-32602,Invalid params
arb,chain,eth_getProof,fail,jsonrpc error,Example payload type/format invalid,200,-32000,hex string invalid
story,chain,eth_getProof,fail,jsonrpc error,Example payload type/format invalid,200,-32000,hex string invalid
gensyn,chain,eth_getFilterLogs,fail,HTTP 400,Stateless Try It - filter does not persist,400,,"{""jsonrpc"":""2.0"",""id"":1,""error"":{""code"":-32000,""message"":""filter not found""}}"
gensyn,chain,eth_getProof,fail,jsonrpc error,Example payload type/format invalid,200,-32000,hex string invalid
bitcoincash,chain,getmempooldescendants,fail,HTTP 503,Transient or capacity: HTTP 503,503,,"{""jsonrpc"":""2.0"",""id"":1,""error"":{""code"":-32001,""message"":""Unable to complete request at this time.""}}"
lens,chain,eth_getRawTransactionByHash,fail,jsonrpc error,Method not supported on chain,200,-32601,Method not found
sui,chain,suix_getAllCoins,fail,jsonrpc error,Invalid params shape (-32602),200,-32602,invalid cursor
arc,chain,eth_getFilterChanges,fail,HTTP 400,Stateless Try It - filter does not persist,400,,"{""jsonrpc"":""2.0"",""id"":1,""error"":{""code"":-32000,""message"":""filter not found""}}"
arc,chain,eth_getFilterLogs,fail,HTTP 400,Stateless Try It - filter does not persist,400,,"{""jsonrpc"":""2.0"",""id"":1,""error"":{""code"":-32000,""message"":""filter not found""}}"
arc,chain,eth_getProof,fail,jsonrpc error,Invalid params shape (-32602),200,-32602,Invalid params
shape,chain,eth_getProof,fail,jsonrpc error,Example payload type/format invalid,200,-32602,"invalid hex in storage key: ""0x283s34c8e2b1456f09832c71e5d6a0b4f8c9e1d3a2b5c7f0e6d4a8b2c1f3e5d7"""
shape,chain,eth_getFilterLogs,fail,HTTP 400,Stateless Try It - filter does not persist,400,,"{""jsonrpc"":""2.0"",""id"":1,""error"":{""code"":-32000,""message"":""filter not found""}}"
monad,chain,eth_getFilterChanges,fail,HTTP 400,Stateless Try It - filter does not persist,400,,"{""jsonrpc"":""2.0"",""id"":1,""error"":{""code"":-32000,""message"":""filter not found""}}"
monad,chain,eth_getFilterLogs,fail,HTTP 400,Stateless Try It - filter does not persist,400,,"{""jsonrpc"":""2.0"",""id"":1,""error"":{""code"":-32000,""message"":""filter not found""}}"
monad,chain,eth_getProof,fail,jsonrpc error,Method not supported on chain,200,-32601,Method not found
gnosis,chain,eth_getFilterLogs,fail,HTTP 400,Stateless Try It - filter does not persist,400,,"{""jsonrpc"":""2.0"",""id"":1,""error"":{""code"":-32000,""message"":""filter not found""}}"
gnosis,chain,eth_getProof,fail,jsonrpc error,Invalid params shape (-32602),200,-32602,Invalid params
blast,chain,eth_getProof,fail,jsonrpc error,Example payload type/format invalid,200,-32000,hex string invalid
xlayer,chain,eth_submitWork,fail,jsonrpc error,Method not supported on chain,200,-32603,unimplemented
linea,chain,eth_getFilterLogs,fail,HTTP 400,Stateless Try It - filter does not persist,400,,"{""jsonrpc"":""2.0"",""id"":1,""error"":{""code"":-32000,""message"":""filter not found""}}"
linea,chain,eth_getProof,fail,jsonrpc error,Example payload type/format invalid,200,-32000,hex string invalid
rise,chain,eth_getProof,fail,HTTP 400,Method not supported on chain,400,,"{""jsonrpc"":""2.0"",""id"":1,""error"":{""code"":-32600,""message"":""Unsupported method: eth_getProof on RISE_MAINNET""}}"
tea,chain,eth_newBlockFilter,fail,dns/connect,Host does not resolve,,,[Errno -2] Name or service not known
tea,chain,eth_newFilter,fail,dns/connect,Host does not resolve,,,[Errno -2] Name or service not known
superseed,chain,eth_getProof,fail,jsonrpc error,Example payload type/format invalid,200,-32000,hex string invalid
astar,chain,eth_getTransactionByBlockNumberAndIndex,fail,jsonrpc error,Other JSON-RPC error,200,-32603,2 is out of bounds
moonbeam,chain,eth_getRawTransactionByHash,fail,jsonrpc error,Method not supported on chain,200,-32601,Method not found
humanity,chain,eth_getProof,fail,jsonrpc error,Example payload type/format invalid,200,-32000,hex string invalid
moonbeam,chain,eth_getTransactionByBlockNumberAndIndex,fail,jsonrpc error,Other JSON-RPC error,200,-32603,2 is out of bounds
bnb,chain,eth_getFilterChanges,fail,HTTP 400,Stateless Try It - filter does not persist,400,,"{""jsonrpc"":""2.0"",""id"":1,""error"":{""code"":-32000,""message"":""filter not found""}}"
bnb,chain,eth_getFilterLogs,fail,HTTP 400,Stateless Try It - filter does not persist,400,,"{""jsonrpc"":""2.0"",""id"":1,""error"":{""code"":-32000,""message"":""filter not found""}}"
robinhood,chain,eth_getProof,fail,jsonrpc error,Example payload type/format invalid,200,-32000,hex string invalid
litecoin,chain,getmempooldescendants,fail,jsonrpc error,Other JSON-RPC error,200,-5,Transaction not in mempool
avax,chain,eth_getAssetBalance,fail,jsonrpc error,Method not supported on chain,200,-32601,the method eth_getAssetBalance does not exist/is not available
mythos,chain,eth_getProof,fail,jsonrpc error,Example payload type/format invalid,200,-32000,hex string invalid
soneium,chain,eth_getFilterLogs,fail,HTTP 400,Stateless Try It - filter does not persist,400,,"{""jsonrpc"":""2.0"",""id"":1,""error"":{""code"":-32000,""message"":""filter not found""}}"
hyperliquid,chain,eth_getFilterChanges,fail,HTTP 400,Stateless Try It - filter does not persist,400,,"{""jsonrpc"":""2.0"",""id"":1,""error"":{""code"":-32000,""message"":""filter not found""}}"
hyperliquid,chain,eth_getFilterLogs,fail,HTTP 400,Stateless Try It - filter does not persist,400,,"{""jsonrpc"":""2.0"",""id"":1,""error"":{""code"":-32000,""message"":""filter not found""}}"
dogecoin,chain,getmempooldescendants,fail,HTTP 503,Transient or capacity: HTTP 503,503,,"{""jsonrpc"":""2.0"",""id"":1,""error"":{""code"":-32001,""message"":""Unable to complete request at this time.""}}"
tempo,chain,eth_estimateGas,fail,jsonrpc error,Other JSON-RPC error,200,-32603,Revm error: value transfer not allowed
soneium,chain,eth_getProof,fail,jsonrpc error,Example payload type/format invalid,200,-32000,hex string invalid
mantle,chain,eth_callMany,fail,jsonrpc error,Method not supported on chain,200,-32601,the method eth_callMany does not exist/is not available
hyperliquid,chain,eth_getRawTransactionByHash,fail,jsonrpc error,Method not supported on chain,200,-32601,Method not found
tempo,chain,eth_fillTransaction,fail,jsonrpc error,Other JSON-RPC error,200,-32603,Revm error: value transfer not allowed
tron,chain,eth_sendRawTransaction,fail,jsonrpc error,Method not supported on chain,200,-32601,the method eth_sendRawTransaction does not exist/is not available
tron,chain,eth_submitWork,fail,jsonrpc error,Method not supported on chain,200,-32601,the method eth_submitWork does not exist/is not available
fantom,chain,eth_getTransactionReceipt,fail,dns/connect,Host does not resolve,,,[Errno -2] Name or service not known
fantom,chain,eth_getUncleByBlockHashAndIndex,fail,dns/connect,Host does not resolve,,,[Errno -2] Name or service not known
fantom,chain,eth_getUncleByBlockNumberAndIndex,fail,dns/connect,Host does not resolve,,,[Errno -2] Name or service not known
tea,chain,eth_sendRawTransaction,fail,dns/connect,Host does not resolve,,,[Errno -2] Name or service not known
fantom,chain,eth_getUncleCountByBlockHash,fail,dns/connect,Host does not resolve,,,[Errno -2] Name or service not known
matic,chain,eth_getFilterLogs,fail,HTTP 400,Stateless Try It - filter does not persist,400,,"{""jsonrpc"":""2.0"",""id"":1,""error"":{""code"":-32000,""message"":""filter not found""}}"
tea,chain,eth_submitWork,fail,dns/connect,Host does not resolve,,,[Errno -2] Name or service not known
matic,chain,eth_getProof,fail,jsonrpc error,Example payload type/format invalid,200,-32000,hex string invalid
base,chain,eth_getProof,fail,dns/connect,Host does not resolve,,,[SSL: CERTIFICATE_VERIFY_FAILED] certificate verify failed: certificate is not yet valid (_ssl.c:1016)
anime,chain,eth_getTransactionByHash,fail,dns/connect,Host does not resolve,,,[SSL: CERTIFICATE_VERIFY_FAILED] certificate verify failed: certificate is not yet valid (_ssl.c:1016)
stable,chain,eth_getTransactionReceipt,fail,HTTP 503,Transient or capacity: HTTP 503,503,,"{""jsonrpc"":""2.0"",""id"":1,""error"":{""code"":-32001,""message"":""Unable to complete request at this time.""}}"
citrea,chain,eth_getFilterLogs,fail,HTTP 400,Stateless Try It - filter does not persist,400,,"{""jsonrpc"":""2.0"",""id"":1,""error"":{""code"":-32000,""message"":""filter not found""}}"
citrea,chain,eth_getProof,fail,jsonrpc error,Invalid params shape (-32602),200,-32602,Invalid params
citrea,chain,eth_getRawTransactionByHash,fail,jsonrpc error,Method not supported on chain,200,-32601,Method not found
frax,chain,eth_sendRawTransaction,fail,jsonrpc error,Mutation method needs funded sender,200,-32000,"insufficient funds for gas * price + value: balance 0, tx cost 2000031576605720000, overshot 2000031576605720000"
frax,chain,eth_submitWork,fail,jsonrpc error,Method not supported on chain,200,-32603,unimplemented
katana,chain,eth_getUncleByBlockHashAndIndex,fail,HTTP 400,Method not supported on chain,400,,"{""jsonrpc"":""2.0"",""id"":1,""error"":{""code"":-32600,""message"":""Unsupported method: eth_getUncleByBlockHashAndIndex on KATANA_MAINNET""}}"
katana,chain,eth_getUncleByBlockNumberAndIndex,fail,HTTP 400,Method not supported on chain,400,,"{""jsonrpc"":""2.0"",""id"":1,""error"":{""code"":-32600,""message"":""Unsupported method: eth_getUncleByBlockNumberAndIndex on KATANA_MAINNET""}}"
katana,chain,eth_getUncleCountByBlockHash,fail,HTTP 400,Method not supported on chain,400,,"{""jsonrpc"":""2.0"",""id"":1,""error"":{""code"":-32600,""message"":""Unsupported method: eth_getUncleCountByBlockHash on KATANA_MAINNET""}}"
mode,chain,eth_getUncleCountByBlockHash,fail,HTTP 400,Method not supported on chain,400,,"{""jsonrpc"":""2.0"",""id"":1,""error"":{""code"":-32600,""message"":""Unsupported method: eth_getUncleCountByBlockHash on MODE_MAINNET""}}"
bitcoincash,chain,getrawmempool,fail,HTTP 503,Transient or capacity: HTTP 503,503,,"{""jsonrpc"":""2.0"",""id"":1,""error"":{""code"":-32001,""message"":""Unable to complete request at this time.""}}"
bitcoincash,chain,getrawtransaction,fail,HTTP 503,Transient or capacity: HTTP 503,503,,"{""jsonrpc"":""2.0"",""id"":1,""error"":{""code"":-32001,""message"":""Unable to complete request at this time.""}}"
bitcoincash,chain,gettxoutproof,fail,HTTP 503,Transient or capacity: HTTP 503,503,,"{""jsonrpc"":""2.0"",""id"":1,""error"":{""code"":-32001,""message"":""Unable to complete request at this time.""}}"
sui,chain,suix_getCoins,fail,jsonrpc error,Invalid params shape (-32602),200,-32602,invalid cursor
sui,chain,suix_getDynamicFieldObject,fail,jsonrpc error,Invalid params shape (-32602),200,-32602,Could not find module
monad,chain,eth_getRawTransactionByHash,fail,jsonrpc error,Method not supported on chain,200,-32601,Method not found
xmtp,chain,eth_getFilterChanges,fail,HTTP 400,Stateless Try It - filter does not persist,400,,"{""jsonrpc"":""2.0"",""id"":1,""error"":{""code"":-32000,""message"":""filter not found""}}"
xmtp,chain,eth_getFilterLogs,fail,HTTP 400,Stateless Try It - filter does not persist,400,,"{""jsonrpc"":""2.0"",""id"":1,""error"":{""code"":-32000,""message"":""filter not found""}}"
tea,chain,eth_uninstallFilter,fail,dns/connect,Host does not resolve,,,[Errno -2] Name or service not known
tea,chain,net_version,fail,dns/connect,Host does not resolve,,,[Errno -2] Name or service not known
astar,chain,eth_sendRawTransaction,fail,jsonrpc error,Mutation method - stale nonce example,200,-32603,nonce too low
bnb,chain,eth_getProof,fail,jsonrpc error,Invalid params shape (-32602),200,-32602,Invalid params
litecoin,chain,getrawtransaction,fail,jsonrpc error,Other JSON-RPC error,200,-5,Block hash not found
dogecoin,chain,getrawmempool,fail,jsonrpc error,Other JSON-RPC error,200,-1,"getrawmempool ( verbose )

Returns all transaction ids in memory pool as a json array of string transaction ids.

Hint: use getmempoolentry to fetch a specific transaction from the mempool.

Arguments"
dogecoin,chain,getrawtransaction,fail,jsonrpc error,Other JSON-RPC error,200,-1,"getrawtransaction ""txid"" ( verbose )

NOTE: By default this function only works for mempool transactions. If the -txindex option is
enabled, it also works for blockchain transactions.
DEPRECATED: for "
dogecoin,chain,gettxoutproof,fail,HTTP 503,Transient or capacity: HTTP 503,503,,"{""jsonrpc"":""2.0"",""id"":1,""error"":{""code"":-32001,""message"":""Unable to complete request at this time.""}}"
litecoin,chain,gettxoutproof,fail,jsonrpc error,Stale example - block reference,200,-5,Block not found
sonic,chain,eth_getUncleByBlockHashAndIndex,fail,HTTP 400,Method not supported on chain,400,,"{""jsonrpc"":""2.0"",""id"":1,""error"":{""code"":-32600,""message"":""Unsupported method: eth_getUncleByBlockHashAndIndex on SONIC_MAINNET""}}"
abstract,chain,eth_fillTransaction,fail,jsonrpc error,Method not supported on chain,200,-32601,Method not found
zetachain,chain,eth_sendRawTransaction,fail,jsonrpc error,Mutation method - pre-EIP-155 example,200,-32000,only replay-protected (EIP-155) transactions allowed over RPC
bob,chain,eth_getFilterChanges,fail,HTTP 400,Stateless Try It - filter does not persist,400,,"{""jsonrpc"":""2.0"",""id"":1,""error"":{""code"":-32000,""message"":""filter not found""}}"
zetachain,chain,eth_submitWork,fail,jsonrpc error,Method not supported on chain,200,-32601,the method eth_submitWork does not exist/is not available
fantom,chain,eth_getUncleCountByBlockNumber,fail,dns/connect,Host does not resolve,,,[Errno -2] Name or service not known
zksync,chain,eth_sendRawTransaction,fail,jsonrpc error,Mutation method - stale gas price example,200,3,max fee per gas less than block base fee
fantom,chain,eth_maxPriorityFeePerGas,fail,dns/connect,Host does not resolve,,,[Errno -2] Name or service not known
zksync,chain,eth_sendRawTransactionSync,fail,jsonrpc error,Mutation method - stale gas price example,200,3,max fee per gas less than block base fee
fantom,chain,eth_newBlockFilter,fail,dns/connect,Host does not resolve,,,[Errno -2] Name or service not known
tea,chain,web3_clientVersion,fail,dns/connect,Host does not resolve,,,[Errno -2] Name or service not known
fantom,chain,eth_newFilter,fail,dns/connect,Host does not resolve,,,[Errno -2] Name or service not known
adi,chain,eth_sendRawTransaction,fail,jsonrpc error,Other JSON-RPC error,200,-32603,[0xb40ca2b75e7312bfa842991b14bc7cac495736a4fcf18e70240c9702525c2ade]: sender does not have enough funds (0) to cover transaction fees: 2000000000021000000
tea,chain,web3_sha3,fail,dns/connect,Host does not resolve,,,[Errno -2] Name or service not known
adi,chain,eth_submitWork,fail,jsonrpc error,Method not supported on chain,200,-32601,Method not found
matic,chain,eth_getRootHash,fail,jsonrpc error,Example payload type/format invalid,200,-32602,invalid argument 0: json: cannot unmarshal string into Go value of type uint64
rootstock,chain,eth_sendRawTransaction,fail,jsonrpc error,Mutation method - stale nonce example,200,-32010,transaction nonce too low
rootstock,chain,eth_submitWork,fail,jsonrpc error,Method not supported on chain,200,-32601,the method eth_submitWork does not exist/is not available
ink,chain,eth_getUncleByBlockHashAndIndex,fail,HTTP 400,Method not supported on chain,400,,"{""jsonrpc"":""2.0"",""id"":1,""error"":{""code"":-32600,""message"":""Unsupported method: eth_getUncleByBlockHashAndIndex on INK_MAINNET""}}"
celo,chain,eth_getUncleByBlockHashAndIndex,fail,HTTP 400,Method not supported on chain,400,,"{""jsonrpc"":""2.0"",""id"":1,""error"":{""code"":-32600,""message"":""Unsupported method: eth_getUncleByBlockHashAndIndex on CELO_MAINNET""}}"
megaeth,chain,eth_sendRawTransaction,fail,jsonrpc error,Mutation method - pre-EIP-155 example,200,-32000,EIP-155 protection required
megaeth,chain,eth_simulateV1,fail,jsonrpc error,Other JSON-RPC error,200,-32603,EVM reported invalid transaction (0xc7a1c674cba687e94e77344ee7bcb15fd4f8f7cd8f86d331a9f3d5288de26668): lack of funds (20000000000) for max fee (75000000001)
scroll,chain,eth_getUncleByBlockHashAndIndex,fail,dns/connect,Host does not resolve,,,[SSL: CERTIFICATE_VERIFY_FAILED] certificate verify failed: certificate is not yet valid (_ssl.c:1016)
flow,chain,eth_protocolVersion,fail,jsonrpc error,Method not supported on chain,200,-32601,the method eth_protocolVersion does not exist/is not available
berachain,chain,eth_getUncleByBlockNumberAndIndex,fail,HTTP 400,Method not supported on chain,400,,"{""jsonrpc"":""2.0"",""id"":1,""error"":{""code"":-32600,""message"":""Unsupported method: eth_getUncleByBlockNumberAndIndex on BERACHAIN_MAINNET""}}"
jovay,chain,eth_newBlockFilter,fail,jsonrpc error,Method not supported on chain,200,-32601,METHOD_NOT_FOUND
sei,chain,eth_sendRawTransaction,fail,jsonrpc error,Other JSON-RPC error,200,-32000,: unknown
worldmobilechain,chain,eth_getFilterLogs,fail,HTTP 400,Stateless Try It - filter does not persist,400,,"{""jsonrpc"":""2.0"",""id"":1,""error"":{""code"":-32000,""message"":""filter not found""}}"
worldmobilechain,chain,eth_getFilterChanges,fail,HTTP 400,Stateless Try It - filter does not persist,400,,"{""jsonrpc"":""2.0"",""id"":1,""error"":{""code"":-32000,""message"":""filter not found""}}"
worldmobilechain,chain,eth_getProof,fail,jsonrpc error,Example payload type/format invalid,200,-32000,hex string invalid
bitcoin,chain,sendrawtransaction,fail,jsonrpc error,Other JSON-RPC error,200,-25,bad-txns-inputs-missingorspent
bitcoin,chain,submitblock,fail,jsonrpc error,Other JSON-RPC error,200,-22,Block decode failed
bitcoin,chain,gettxoutsetinfo,fail,jsonrpc error,Other JSON-RPC error,200,-3,"Wrong type passed:
{
    ""Position 1 (hash_type)"": ""JSON value of type bool is not of expected type string""
}"
bitcoin,chain,submitheader,fail,jsonrpc error,Other JSON-RPC error,200,-22,Block header decode failed
katana,chain,eth_getUncleCountByBlockNumber,fail,HTTP 400,Method not supported on chain,400,,"{""jsonrpc"":""2.0"",""id"":1,""error"":{""code"":-32600,""message"":""Unsupported method: eth_getUncleCountByBlockNumber on KATANA_MAINNET""}}"
settlus,chain,eth_sendRawTransaction,fail,jsonrpc error,Mutation method - pre-EIP-155 example,200,-32000,only replay-protected (EIP-155) transactions allowed over RPC
mode,chain,eth_getUncleCountByBlockNumber,fail,HTTP 400,Method not supported on chain,400,,"{""jsonrpc"":""2.0"",""id"":1,""error"":{""code"":-32600,""message"":""Unsupported method: eth_getUncleCountByBlockNumber on MODE_MAINNET""}}"
bitcoincash,chain,gettxoutsetinfo,fail,HTTP 503,Transient or capacity: HTTP 503,503,,"{""jsonrpc"":""2.0"",""id"":1,""error"":{""code"":-32001,""message"":""Unable to complete request at this time.""}}"
bitcoincash,chain,sendrawtransaction,fail,HTTP 503,Transient or capacity: HTTP 503,503,,"{""jsonrpc"":""2.0"",""id"":1,""error"":{""code"":-32001,""message"":""Unable to complete request at this time.""}}"
bitcoincash,chain,submitblock,fail,HTTP 400,Other JSON-RPC error,400,,"{""jsonrpc"":""2.0"",""id"":1,""error"":{""code"":-32604,""message"":""this request method is not supported""}}"
bitcoincash,chain,submitheader,fail,HTTP 503,Transient or capacity: HTTP 503,503,,"{""jsonrpc"":""2.0"",""id"":1,""error"":{""code"":-32001,""message"":""Unable to complete request at this time.""}}"
monad,chain,eth_getUncleByBlockHashAndIndex,fail,jsonrpc error,Method not supported on chain,200,-32601,Method not found
xmtp,chain,eth_submitWork,fail,jsonrpc error,Method not supported on chain,200,-32601,the method eth_submitWork does not exist/is not available
xmtp,chain,eth_sendRawTransaction,fail,jsonrpc error,Mutation method - stale gas price example,200,-32000,"max fee per gas less than block base fee: address 0x627306090abaB3A6e1400e9345bC60c78a8BEf57, maxFeePerGas: 1000 baseFee: 100000000"
crossfi,chain,eth_protocolVersion,fail,HTTP 400,Method not supported on chain,400,,"{""jsonrpc"":""2.0"",""id"":1,""error"":{""code"":-32600,""message"":""Unsupported method: eth_protocolVersion on CROSSFI_MAINNET""}}"
xlayer,chain,eth_fillTransaction,fail,jsonrpc error,Mutation method needs funded sender,200,-32003,insufficient funds for gas * price + value: have 0 want 1
crossfi,chain,eth_sendRawTransaction,fail,jsonrpc error,Mutation method - pre-EIP-155 example,200,-32000,only replay-protected (EIP-155) transactions allowed over RPC
crossfi,chain,eth_submitWork,fail,jsonrpc error,Method not supported on chain,200,-32601,the method eth_submitWork does not exist/is not available
litecoin,chain,gettxoutsetinfo,fail,HTTP 503,Transient or capacity: HTTP 503,503,,"{""jsonrpc"":""2.0"",""id"":1,""error"":{""code"":-32001,""message"":""Unable to complete request at this time.""}}"
litecoin,chain,sendrawtransaction,fail,jsonrpc error,Other JSON-RPC error,200,-25,bad-txns-inputs-missingorspent
litecoin,chain,submitblock,fail,HTTP 503,Transient or capacity: HTTP 503,503,,"{""jsonrpc"":""2.0"",""id"":1,""error"":{""code"":-32001,""message"":""Unable to complete request at this time.""}}"
eth,chain,eth_sendRawTransaction,fail,jsonrpc error,Mutation method - stale nonce example,200,-32000,"nonce too low: next nonce 18737, tx nonce 1"
avax,chain,eth_getFilterChanges,fail,HTTP 400,Stateless Try It - filter does not persist,400,,"{""jsonrpc"":""2.0"",""id"":1,""error"":{""code"":-32000,""message"":""filter not found""}}"
sonic,chain,eth_getUncleByBlockNumberAndIndex,fail,HTTP 400,Method not supported on chain,400,,"{""jsonrpc"":""2.0"",""id"":1,""error"":{""code"":-32600,""message"":""Unsupported method: eth_getUncleByBlockNumberAndIndex on SONIC_MAINNET""}}"
ronin,chain,eth_fillTransaction,fail,jsonrpc error,Mutation method needs funded sender,200,-32003,insufficient funds for gas * price + value: have 0 want 1
avax,chain,eth_getFilterLogs,fail,HTTP 400,Stateless Try It - filter does not persist,400,,"{""jsonrpc"":""2.0"",""id"":1,""error"":{""code"":-32000,""message"":""filter not found""}}"
mantle,chain,eth_fillTransaction,fail,jsonrpc error,Mutation method needs funded sender,200,-32000,insufficient funds for transfer
opbnb,chain,eth_newPendingTransactionFilter,fail,HTTP 400,Method not supported on chain,400,,"{""jsonrpc"":""2.0"",""id"":1,""error"":{""code"":-32600,""message"":""Unsupported method: eth_newPendingTransactionFilter on OPBNB_MAINNET""}}"
opbnb,chain,eth_sendRawTransaction,fail,jsonrpc error,Mutation method - pre-EIP-155 example,200,-32000,only replay-protected (EIP-155) transactions allowed over RPC
opbnb,chain,eth_submitWork,fail,jsonrpc error,Method not supported on chain,200,-32601,the method eth_submitWork does not exist/is not available
hyperliquid,chain,eth_getUncleByBlockHashAndIndex,fail,HTTP 400,Method not supported on chain,400,,"{""jsonrpc"":""2.0"",""id"":1,""error"":{""code"":-32600,""message"":""Unsupported method: eth_getUncleByBlockHashAndIndex on HYPERLIQUID_MAINNET""}}"
dogecoin,chain,gettxoutsetinfo,fail,HTTP 503,Transient or capacity: HTTP 503,503,,"{""jsonrpc"":""2.0"",""id"":1,""error"":{""code"":-32001,""message"":""Unable to complete request at this time.""}}"
dogecoin,chain,sendrawtransaction,fail,jsonrpc error,Other JSON-RPC error,200,-3,"Expected type bool, got number"
dogecoin,chain,submitblock,fail,HTTP 503,Transient or capacity: HTTP 503,503,,"{""jsonrpc"":""2.0"",""id"":1,""error"":{""code"":-32001,""message"":""Unable to complete request at this time.""}}"
mantle,chain,eth_getAccount,fail,jsonrpc error,Method not supported on chain,200,-32601,the method eth_getAccount does not exist/is not available
dogecoin,chain,submitheader,fail,HTTP 503,Transient or capacity: HTTP 503,503,,"{""jsonrpc"":""2.0"",""id"":1,""error"":{""code"":-32001,""message"":""Unable to complete request at this time.""}}"
litecoin,chain,submitheader,fail,HTTP 503,Transient or capacity: HTTP 503,503,,"{""jsonrpc"":""2.0"",""id"":1,""error"":{""code"":-32001,""message"":""Unable to complete request at this time.""}}"
mantle,chain,eth_getAccountInfo,fail,jsonrpc error,Method not supported on chain,200,-32601,the method eth_getAccountInfo does not exist/is not available
avax,chain,eth_getProof,fail,jsonrpc error,Example payload type/format invalid,200,-32000,hex string invalid
zora,chain,eth_sendRawTransaction,fail,jsonrpc error,Mutation method - pre-EIP-155 example,200,-32000,only replay-protected (EIP-155) transactions allowed over RPC
zora,chain,eth_protocolVersion,fail,jsonrpc error,Method not supported on chain,200,-32601,the method eth_protocolVersion does not exist/is not available
zora,chain,eth_sendRawTransactionSync,fail,jsonrpc error,Mutation method - pre-EIP-155 example,200,-32000,only replay-protected (EIP-155) transactions allowed over RPC
abstract,chain,eth_getAccount,fail,jsonrpc error,Method not supported on chain,200,-32601,Method not found
abstract,chain,eth_getAccountInfo,fail,jsonrpc error,Method not supported on chain,200,-32601,Method not found
hyperliquid,chain,eth_getUncleByBlockNumberAndIndex,fail,HTTP 400,Method not supported on chain,400,,"{""jsonrpc"":""2.0"",""id"":1,""error"":{""code"":-32600,""message"":""Unsupported method: eth_getUncleByBlockNumberAndIndex on HYPERLIQUID_MAINNET""}}"
bob,chain,eth_getFilterLogs,fail,HTTP 400,Stateless Try It - filter does not persist,400,,"{""jsonrpc"":""2.0"",""id"":1,""error"":{""code"":-32000,""message"":""filter not found""}}"
bob,chain,eth_getProof,fail,jsonrpc error,Invalid params shape (-32602),200,-32602,Invalid params
injective,chain,eth_sendRawTransaction,fail,jsonrpc error,Mutation method - pre-EIP-155 example,200,-32000,only replay-protected (EIP-155) transactions allowed over RPC
fantom,chain,eth_sendRawTransaction,fail,dns/connect,Host does not resolve,,,[Errno -2] Name or service not known
botanix,chain,eth_sendRawTransaction,fail,jsonrpc error,Mutation method needs funded sender,200,-32003,insufficient funds for gas * price + value
botanix,chain,eth_submitWork,fail,jsonrpc error,Method not supported on chain,200,-32603,unimplemented
fantom,chain,eth_submitWork,fail,dns/connect,Host does not resolve,,,[Errno -2] Name or service not known
fantom,chain,eth_syncing,fail,dns/connect,Host does not resolve,,,[Errno -2] Name or service not known
zksync,chain,eth_submitWork,fail,jsonrpc error,Method not supported on chain,200,-32601,Method not found
fantom,chain,eth_uninstallFilter,fail,dns/connect,Host does not resolve,,,[Errno -2] Name or service not known
ink,chain,eth_getUncleByBlockNumberAndIndex,fail,HTTP 400,Method not supported on chain,400,,"{""jsonrpc"":""2.0"",""id"":1,""error"":{""code"":-32600,""message"":""Unsupported method: eth_getUncleByBlockNumberAndIndex on INK_MAINNET""}}"
celo,chain,eth_getUncleByBlockNumberAndIndex,fail,HTTP 400,Method not supported on chain,400,,"{""jsonrpc"":""2.0"",""id"":1,""error"":{""code"":-32600,""message"":""Unsupported method: eth_getUncleByBlockNumberAndIndex on CELO_MAINNET""}}"
anime,chain,eth_sendRawTransaction,fail,jsonrpc error,Mutation method - stale gas price example,200,-32000,"max fee per gas less than block base fee: address 0x627306090abaB3A6e1400e9345bC60c78a8BEf57, maxFeePerGas: 1000 baseFee: 500000000000"
anime,chain,eth_submitWork,fail,jsonrpc error,Method not supported on chain,200,-32601,the method eth_submitWork does not exist/is not available
megaeth,chain,eth_submitWork,fail,jsonrpc error,Method not supported on chain,200,-32603,unimplemented
megaeth,chain,realtime_sendRawTransaction,fail,jsonrpc error,Mutation method - gas mismatch,200,-32000,intrinsic gas too low
flow,chain,eth_sendRawTransaction,fail,jsonrpc error,Other JSON-RPC error,200,-32000,invalid: failed transaction: the minimum accepted gas price for transactions is: 16038000000
flow,chain,eth_submitWork,fail,jsonrpc error,Method not supported on chain,200,-32601,the method eth_submitWork does not exist/is not available
pharos,chain,eth_newBlockFilter,fail,jsonrpc error,Method not supported on chain,200,-32601,METHOD_NOT_FOUND
pharos,chain,eth_protocolVersion,fail,jsonrpc error,Method not supported on chain,200,-32601,METHOD_NOT_FOUND
pharos,chain,eth_sendRawTransaction,fail,jsonrpc error,Invalid params shape (-32602),200,-32602,SERVER_ERROR: invalid chainId
jovay,chain,eth_sendRawTransaction,fail,jsonrpc error,Invalid params shape (-32602),200,-32602,gas price too low
jovay,chain,eth_submitWork,fail,jsonrpc error,Method not supported on chain,200,-32601,METHOD_NOT_FOUND
sei,chain,eth_submitWork,fail,jsonrpc error,Method not supported on chain,200,-32601,the method eth_submitWork does not exist/is not available
apechain,chain,eth_sendRawTransaction,fail,jsonrpc error,Mutation method - stale gas price example,200,-32000,"max fee per gas less than block base fee: address 0x627306090abaB3A6e1400e9345bC60c78a8BEf57, maxFeePerGas: 1000 baseFee: 101682760000"
citrea,chain,eth_getUncleByBlockHashAndIndex,fail,HTTP 400,Method not supported on chain,400,,"{""jsonrpc"":""2.0"",""id"":1,""error"":{""code"":-32600,""message"":""Unsupported method: eth_getUncleByBlockHashAndIndex on CITREA_MAINNET""}}"
apechain,chain,eth_sendRawTransactionSync,fail,jsonrpc error,Method not supported on chain,200,-32601,the method eth_sendRawTransactionSync does not exist/is not available
worldmobilechain,chain,eth_sendRawTransaction,fail,jsonrpc error,Mutation method - stale gas price example,200,-32000,"max fee per gas less than block base fee: address 0x627306090abaB3A6e1400e9345bC60c78a8BEf57, maxFeePerGas: 1000 baseFee: 195000000000"
worldmobilechain,chain,eth_submitWork,fail,jsonrpc error,Method not supported on chain,200,-32601,the method eth_submitWork does not exist/is not available
metis,chain,eth_sendRawTransaction,fail,jsonrpc error,Mutation method needs funded sender,200,-32000,invalid transaction: insufficient funds for gas * price + value
metis,chain,eth_submitWork,fail,jsonrpc error,Method not supported on chain,200,-32601,the method eth_submitWork does not exist/is not available
katana,chain,eth_sendRawTransaction,fail,jsonrpc error,Mutation method needs funded sender,200,-32003,insufficient funds for gas * price + value
katana,chain,eth_submitWork,fail,jsonrpc error,Method not supported on chain,200,-32601,the method eth_submitWork does not exist/is not available
story,chain,eth_sendRawTransaction,fail,jsonrpc error,Mutation method needs funded sender,200,-32000,"insufficient funds for gas * price + value: balance 0, tx cost 2000000000021000000, overshot 2000000000021000000"
story,chain,eth_submitWork,fail,jsonrpc error,Method not supported on chain,200,-32601,the method eth_submitWork does not exist/is not available
settlus,chain,eth_submitWork,fail,jsonrpc error,Method not supported on chain,200,-32601,the method eth_submitWork does not exist/is not available
settlus,chain,net_listening,fail,HTTP 400,Method not supported on chain,400,,"{""jsonrpc"":""2.0"",""id"":1,""error"":{""code"":-32600,""message"":""Unsupported method: net_listening on SETTLUS_MAINNET""}}"
mode,chain,eth_sendRawTransaction,fail,jsonrpc error,Mutation method - stale nonce example,200,-32000,"nonce too low: next nonce 5, tx nonce 1"
mode,chain,eth_submitWork,fail,jsonrpc error,Method not supported on chain,200,-32603,unimplemented
clankermon,chain,eth_submitWork,fail,jsonrpc error,Method not supported on chain,200,-32601,the method eth_submitWork does not exist/is not available
clankermon,chain,eth_sendRawTransaction,fail,jsonrpc error,Other JSON-RPC error,200,-32000,invalid input: missing chain ID
bitcoincash,chain,submitpackage,fail,HTTP 503,Transient or capacity: HTTP 503,503,,"{""jsonrpc"":""2.0"",""id"":1,""error"":{""code"":-32001,""message"":""Unable to complete request at this time.""}}"
bitcoincash,chain,testmempoolaccept,fail,HTTP 503,Transient or capacity: HTTP 503,503,,"{""jsonrpc"":""2.0"",""id"":1,""error"":{""code"":-32001,""message"":""Unable to complete request at this time.""}}"
lens,chain,eth_sendRawTransaction,fail,jsonrpc error,Mutation method - stale gas price example,200,3,max fee per gas less than block base fee
polygonzkevm,chain,eth_sendRawTransaction,fail,jsonrpc error,Mutation method needs funded sender,200,-32000,RPC error response: RPC error response: INTERNAL_ERROR: insufficient funds
polygonzkevm,chain,eth_submitWork,fail,jsonrpc error,Other JSON-RPC error,200,-32000,"not supported, consensus engine is not ethash"
lens,chain,eth_simulateV1,fail,jsonrpc error,Method not supported on chain,200,-32601,Method not found
sui,chain,suix_getStakesByIds,fail,jsonrpc error,Other JSON-RPC error,200,-32000,"Type error while binding function arguments: Object type is not a StakedSui: Object { id: 0xa6379c19b3aa9aa878fc1deaf69c1dbb1de4224de8b62de04e4962b593e037e9, version: SequenceNumber(895250390), owner:"
monad,chain,eth_getUncleByBlockNumberAndIndex,fail,jsonrpc error,Method not supported on chain,200,-32601,Method not found
monad,chain,eth_getUncleCountByBlockHash,fail,jsonrpc error,Method not supported on chain,200,-32601,Method not found
monad,chain,eth_getUncleCountByBlockNumber,fail,jsonrpc error,Method not supported on chain,200,-32601,Method not found
crossfi,chain,eth_syncing,fail,HTTP 400,Method not supported on chain,400,,"{""jsonrpc"":""2.0"",""id"":1,""error"":{""code"":-32600,""message"":""Unsupported method: eth_syncing on CROSSFI_MAINNET""}}"
crossfi,chain,net_listening,fail,HTTP 400,Method not supported on chain,400,,"{""jsonrpc"":""2.0"",""id"":1,""error"":{""code"":-32600,""message"":""Unsupported method: net_listening on CROSSFI_MAINNET""}}"
rise,chain,eth_protocolVersion,fail,HTTP 400,Method not supported on chain,400,,"{""jsonrpc"":""2.0"",""id"":1,""error"":{""code"":-32600,""message"":""Unsupported method: eth_protocolVersion on RISE_MAINNET""}}"
rise,chain,eth_sendRawTransaction,fail,jsonrpc error,Mutation method - stale gas price example,200,-32000,max fee per gas less than block base fee
superseed,chain,eth_submitWork,fail,jsonrpc error,Method not supported on chain,200,-32601,the method eth_submitWork does not exist/is not available
moonbeam,chain,eth_sendRawTransaction,fail,jsonrpc error,Other JSON-RPC error,200,-32603,unprotected legacy transactions are not allowed by RPC policy
degen,chain,eth_protocolVersion,fail,jsonrpc error,Method not supported on chain,200,-32601,the method eth_protocolVersion does not exist/is not available
humanity,chain,eth_sendRawTransaction,fail,jsonrpc error,Mutation method - stale gas price example,200,-32000,"max fee per gas less than block base fee: address 0x627306090abaB3A6e1400e9345bC60c78a8BEf57, maxFeePerGas: 1000 baseFee: 150000000"
degen,chain,eth_sendRawTransaction,fail,jsonrpc error,Mutation method - stale gas price example,200,-32000,"max fee per gas less than block base fee: address 0x627306090abaB3A6e1400e9345bC60c78a8BEf57, maxFeePerGas: 1000 baseFee: 120000000000"
degen,chain,eth_simulateV1,fail,jsonrpc error,Mutation method needs funded sender,200,-38014,err: insufficient funds for gas * price + value: address 0xC000000000000000000000000000000000000000 have 20000000000 want 16888498602639361 (supplied gas 1125899906842624)
degen,chain,eth_submitWork,fail,jsonrpc error,Method not supported on chain,200,-32601,the method eth_submitWork does not exist/is not available
humanity,chain,eth_submitWork,fail,jsonrpc error,Method not supported on chain,200,-32601,the method eth_submitWork does not exist/is not available
robinhood,chain,eth_sendRawTransaction,fail,jsonrpc error,Mutation method - stale gas price example,200,-32000,"max fee per gas less than block base fee: address 0x627306090abaB3A6e1400e9345bC60c78a8BEf57, maxFeePerGas: 1000 baseFee: 10000000"
robinhood,chain,eth_submitWork,fail,jsonrpc error,Method not supported on chain,200,-32601,the method eth_submitWork does not exist/is not available
eth,chain,eth_simulateV1,fail,jsonrpc error,Mutation method - gas mismatch,200,-32000,intrinsic gas too high
eth,chain,eth_submitWork,fail,jsonrpc error,Method not supported on chain,200,-32603,unimplemented
litecoin,chain,submitpackage,fail,HTTP 503,Transient or capacity: HTTP 503,503,,"{""jsonrpc"":""2.0"",""id"":1,""error"":{""code"":-32001,""message"":""Unable to complete request at this time.""}}"
sonic,chain,eth_newPendingTransactionFilter,fail,HTTP 400,Method not supported on chain,400,,"{""jsonrpc"":""2.0"",""id"":1,""error"":{""code"":-32600,""message"":""Unsupported method: eth_newPendingTransactionFilter on SONIC_MAINNET""}}"
opbnb,chain,net_peerCount,fail,HTTP 400,Method not supported on chain,400,,"{""jsonrpc"":""2.0"",""id"":1,""error"":{""code"":-32600,""message"":""Unsupported method: net_peerCount on OPBNB_MAINNET""}}"
hyperliquid,chain,eth_getUncleCountByBlockHash,fail,HTTP 400,Method not supported on chain,400,,"{""jsonrpc"":""2.0"",""id"":1,""error"":{""code"":-32600,""message"":""Unsupported method: eth_getUncleCountByBlockHash on HYPERLIQUID_MAINNET""}}"
hyperliquid,chain,eth_getUncleCountByBlockNumber,fail,HTTP 400,Method not supported on chain,400,,"{""jsonrpc"":""2.0"",""id"":1,""error"":{""code"":-32600,""message"":""Unsupported method: eth_getUncleCountByBlockNumber on HYPERLIQUID_MAINNET""}}"
dogecoin,chain,submitpackage,fail,HTTP 503,Transient or capacity: HTTP 503,503,,"{""jsonrpc"":""2.0"",""id"":1,""error"":{""code"":-32001,""message"":""Unable to complete request at this time.""}}"
dogecoin,chain,testmempoolaccept,fail,HTTP 503,Transient or capacity: HTTP 503,503,,"{""jsonrpc"":""2.0"",""id"":1,""error"":{""code"":-32001,""message"":""Unable to complete request at this time.""}}"
soneium,chain,eth_sendRawTransaction,fail,jsonrpc error,Mutation method needs funded sender,200,-32000,"insufficient funds for gas * price + value: balance 0, tx cost 2000000011702051323, overshot 2000000011702051323"
dogecoin,chain,verifymessage,fail,HTTP 503,Transient or capacity: HTTP 503,503,,"{""jsonrpc"":""2.0"",""id"":1,""error"":{""code"":-32001,""message"":""Unable to complete request at this time.""}}"
sonic,chain,eth_sendRawTransaction,fail,jsonrpc error,Mutation method - pre-EIP-155 example,200,-32000,only replay-protected (EIP-155) transactions allowed over RPC
litecoin,chain,verifymessage,fail,jsonrpc error,Other JSON-RPC error,200,-3,Invalid address
zora,chain,eth_submitWork,fail,jsonrpc error,Method not supported on chain,200,-32601,the method eth_submitWork does not exist/is not available
injective,chain,eth_submitWork,fail,jsonrpc error,Method not supported on chain,200,-32601,the method eth_submitWork does not exist/is not available
injective,chain,eth_syncing,fail,HTTP 400,Method not supported on chain,400,,"{""jsonrpc"":""2.0"",""id"":1,""error"":{""code"":-32600,""message"":""Unsupported method: eth_syncing on INJECTIVE_MAINNET""}}"
hyperliquid,chain,eth_newBlockFilter,fail,jsonrpc error,Method not supported on chain,200,-32601,Method not found
injective,chain,net_listening,fail,HTTP 400,Method not supported on chain,400,,"{""jsonrpc"":""2.0"",""id"":1,""error"":{""code"":-32600,""message"":""Unsupported method: net_listening on INJECTIVE_MAINNET""}}"
tempo,chain,eth_getFilterChanges,fail,HTTP 400,Stateless Try It - filter does not persist,400,,"{""jsonrpc"":""2.0"",""id"":1,""error"":{""code"":-32000,""message"":""filter not found""}}"
fantom,chain,net_version,fail,dns/connect,Host does not resolve,,,[Errno -2] Name or service not known
tempo,chain,eth_getFilterLogs,fail,HTTP 400,Stateless Try It - filter does not persist,400,,"{""jsonrpc"":""2.0"",""id"":1,""error"":{""code"":-32000,""message"":""filter not found""}}"
fantom,chain,web3_clientVersion,fail,dns/connect,Host does not resolve,,,[Errno -2] Name or service not known
fantom,chain,web3_sha3,fail,dns/connect,Host does not resolve,,,[Errno -2] Name or service not known
zksync,chain,web3_sha3,fail,jsonrpc error,Method not supported on chain,200,-32601,Method not found
matic,chain,eth_getTransactionReceiptsByBlock,fail,jsonrpc error,Method not supported on chain,200,-32601,the method eth_getTransactionReceiptsByBlock does not exist/is not available
opt,chain,eth_sendRawTransaction,fail,jsonrpc error,Other JSON-RPC error,200,-32000,invalid sender
opt,chain,eth_sendRawTransactionSync,fail,jsonrpc error,Other JSON-RPC error,200,-32000,invalid sender
ink,chain,eth_protocolVersion,fail,HTTP 400,Method not supported on chain,400,,"{""jsonrpc"":""2.0"",""id"":1,""error"":{""code"":-32600,""message"":""Unsupported method: eth_protocolVersion on INK_MAINNET""}}"
ink,chain,eth_sendRawTransaction,fail,jsonrpc error,Mutation method - pre-EIP-155 example,200,-32603,"HTTP error 400 with body: {""jsonrpc"":""2.0"",""error"":{""code"":-32200,""message"":""pre-EIP-155 transaction not allowed""},""id"":40312}
"
stable,chain,eth_sendRawTransaction,fail,jsonrpc error,Mutation method - pre-EIP-155 example,200,-32000,only replay-protected (EIP-155) transactions allowed over RPC
celo,chain,eth_newPendingTransactionFilter,fail,HTTP 400,Method not supported on chain,400,,"{""jsonrpc"":""2.0"",""id"":1,""error"":{""code"":-32600,""message"":""Unsupported method: eth_newPendingTransactionFilter on CELO_MAINNET""}}"
stable,chain,eth_simulateV1,fail,HTTP 400,Method not supported on chain,400,,"{""jsonrpc"":""2.0"",""id"":1,""error"":{""code"":-32600,""message"":""Unsupported method: eth_simulateV1 on STABLE_MAINNET""}}"
celo,chain,eth_sendRawTransaction,fail,jsonrpc error,Mutation method - pre-EIP-155 example,200,-32000,only replay-protected (EIP-155) transactions allowed over RPC
stable,chain,eth_submitWork,fail,jsonrpc error,Method not supported on chain,200,-32601,the method eth_submitWork does not exist/is not available
scroll,chain,eth_protocolVersion,fail,jsonrpc error,Method not supported on chain,200,-32601,the method eth_protocolVersion does not exist/is not available
scroll,chain,eth_sendRawTransaction,fail,jsonrpc error,Mutation method - stale nonce example,200,-32000,nonce too low
scroll,chain,eth_simulateV1,fail,jsonrpc error,Method not supported on chain,200,-32601,the method eth_simulateV1 does not exist/is not available
berachain,chain,eth_protocolVersion,fail,HTTP 400,Method not supported on chain,400,,"{""jsonrpc"":""2.0"",""id"":1,""error"":{""code"":-32600,""message"":""Unsupported method: eth_protocolVersion on BERACHAIN_MAINNET""}}"
berachain,chain,eth_sendRawTransaction,fail,jsonrpc error,Mutation method - stale nonce example,200,-32000,"nonce too low: next nonce 25, tx nonce 1"
pharos,chain,eth_submitWork,fail,jsonrpc error,Method not supported on chain,200,-32601,METHOD_NOT_FOUND
worldchain,chain,eth_sendRawTransaction,fail,jsonrpc error,Mutation method - stale nonce example,200,-32000,"nonce too low: next nonce 2, tx nonce 1"
apechain,chain,eth_submitWork,fail,jsonrpc error,Method not supported on chain,200,-32601,the method eth_submitWork does not exist/is not available
sei,chain,web3_sha3,fail,jsonrpc error,Method not supported on chain,200,-32601,the method web3_sha3 does not exist/is not available
citrea,chain,eth_sendRawTransaction,fail,jsonrpc error,Mutation method needs funded sender,200,-32003,insufficient funds for gas * price + value: have 0 want 2000000000021000000
citrea,chain,eth_submitWork,fail,jsonrpc error,Method not supported on chain,200,-32601,Method not found
plasma,chain,eth_sendRawTransaction,fail,jsonrpc error,Mutation method - stale nonce example,200,-32000,"nonce too low: next nonce 3, tx nonce 1"
plasma,chain,eth_submitWork,fail,jsonrpc error,Method not supported on chain,200,-32603,unimplemented
arb,chain,eth_sendRawTransaction,fail,jsonrpc error,Mutation method - stale gas price example,200,-32000,"max fee per gas less than block base fee: address 0x627306090abaB3A6e1400e9345bC60c78a8BEf57, maxFeePerGas: 1000 baseFee: 20006000"
arb,chain,eth_sendRawTransactionSync,fail,jsonrpc error,Mutation method - stale gas price example,200,-32000,"max fee per gas less than block base fee: address 0x627306090abaB3A6e1400e9345bC60c78a8BEf57, maxFeePerGas: 1000 baseFee: 20022000"
arb,chain,eth_simulateV1,fail,jsonrpc error,Mutation method needs funded sender,200,-38014,err: insufficient funds for gas * price + value: address 0xC000000000000000000000000000000000000000 have 20000000000 want 16888498602639361 (supplied gas 1125899906842624)
arb,chain,eth_submitWork,fail,jsonrpc error,Method not supported on chain,200,-32601,the method eth_submitWork does not exist/is not available
gensyn,chain,eth_sendRawTransaction,fail,jsonrpc error,Mutation method needs funded sender,200,-32000,"insufficient funds for gas * price + value: balance 0, tx cost 2000000003143695018, overshot 2000000003143695018"
lens,chain,eth_submitWork,fail,jsonrpc error,Method not supported on chain,200,-32601,Method not found
sui,chain,unsafe_batchTransaction,fail,jsonrpc error,Invalid params shape (-32602),200,-32602,Invalid params
sui,chain,unsafe_mergeCoins,fail,jsonrpc error,Invalid params shape (-32602),200,-32602,Invalid params
arc,chain,eth_newPendingTransactionFilter,fail,jsonrpc error,Other JSON-RPC error,200,-32001,Pending transaction filters are not allowed
monad,chain,eth_newBlockFilter,fail,jsonrpc error,Method not supported on chain,200,-32601,Method not found
shape,chain,eth_sendRawTransaction,fail,jsonrpc error,Mutation method needs funded sender,200,-32000,"insufficient funds for gas * price + value: balance 0, tx cost 2000000062368332396, overshot 2000000062368332396"
monad,chain,eth_newPendingTransactionFilter,fail,jsonrpc error,Method not supported on chain,200,-32601,Method not found
monad,chain,eth_protocolVersion,fail,jsonrpc error,Method not supported on chain,200,-32601,Method not found
gnosis,chain,eth_sendRawTransaction,fail,jsonrpc error,Other JSON-RPC error,200,-32000,"InsufficientFunds, Balance is zero, cannot pay gas"
gnosis,chain,eth_sendRawTransactionSync,fail,jsonrpc error,Method not supported on chain,200,-32601,The method 'eth_sendRawTransactionSync' is not supported.
blast,chain,eth_protocolVersion,fail,jsonrpc error,Method not supported on chain,200,-32601,the method eth_protocolVersion does not exist/is not available
blast,chain,eth_sendRawTransaction,fail,jsonrpc error,Other JSON-RPC error,200,-32000,invalid sender
blast,chain,eth_sendRawTransactionSync,fail,jsonrpc error,Other JSON-RPC error,200,-32000,invalid sender
linea,chain,eth_protocolVersion,fail,jsonrpc error,Method not supported on chain,200,-32601,the method eth_protocolVersion does not exist/is not available
linea,chain,eth_sendRawTransaction,fail,jsonrpc error,Other JSON-RPC error,200,-32000,"transaction gas price below minimum: gas tip cap 1000, minimum needed 1000000"
rise,chain,eth_sendRawTransactionSync,fail,HTTP 400,Method not supported on chain,400,,"{""jsonrpc"":""2.0"",""id"":1,""error"":{""code"":-32600,""message"":""Unsupported method: eth_sendRawTransactionSync on RISE_MAINNET""}}"
rise,chain,eth_submitWork,fail,jsonrpc error,Method not supported on chain,200,-32603,unimplemented
degen,chain,net_peerCount,fail,jsonrpc error,Method not supported on chain,200,-32601,the method net_peerCount does not exist/is not available
soneium,chain,eth_sendRawTransactionSync,fail,jsonrpc error,Mutation method needs funded sender,200,-32000,"insufficient funds for gas * price + value: balance 0, tx cost 2000000011340888988, overshot 2000000011340888988"
sonic,chain,eth_sendRawTransactionSync,fail,jsonrpc error,Method not supported on chain,200,-32601,the method eth_sendRawTransactionSync does not exist/is not available
sonic,chain,eth_simulateV1,fail,jsonrpc error,Method not supported on chain,200,-32601,the method eth_simulateV1 does not exist/is not available
sonic,chain,eth_submitWork,fail,jsonrpc error,Method not supported on chain,200,-32601,the method eth_submitWork does not exist/is not available
mythos,chain,eth_sendRawTransaction,fail,jsonrpc error,Mutation method needs funded sender,200,-32000,"insufficient funds for gas * price + value: balance 0, tx cost 2000000000022094481, overshot 2000000000022094481"
mythos,chain,eth_submitWork,fail,jsonrpc error,Method not supported on chain,200,-32601,the method eth_submitWork does not exist/is not available
hyperliquid,chain,eth_newPendingTransactionFilter,fail,HTTP 400,Method not supported on chain,400,,"{""jsonrpc"":""2.0"",""id"":1,""error"":{""code"":-32600,""message"":""Unsupported method: eth_newPendingTransactionFilter on HYPERLIQUID_MAINNET""}}"
hyperliquid,chain,eth_sendRawTransaction,fail,jsonrpc error,Other JSON-RPC error,200,-32603,transaction underpriced
soneium,chain,eth_submitWork,fail,jsonrpc error,Method not supported on chain,200,-32601,the method eth_submitWork does not exist/is not available
mantle,chain,eth_getFilterChanges,fail,HTTP 400,Stateless Try It - filter does not persist,400,,"{""jsonrpc"":""2.0"",""id"":1,""error"":{""code"":-32000,""message"":""filter not found""}}"
abstract,chain,eth_getFilterChanges,fail,HTTP 400,Stateless Try It - filter does not persist,400,,"{""jsonrpc"":""2.0"",""id"":1,""error"":{""code"":-32000,""message"":""filter not found""}}"
abstract,chain,eth_getFilterLogs,fail,HTTP 400,Stateless Try It - filter does not persist,400,,"{""jsonrpc"":""2.0"",""id"":1,""error"":{""code"":-32000,""message"":""filter not found""}}"
tempo,chain,eth_getProof,fail,jsonrpc error,Invalid params shape (-32602),200,-32602,Invalid params
zetachain,chain,eth_getAccount,fail,jsonrpc error,Method not supported on chain,200,-32601,the method eth_getAccount does not exist/is not available
zksync,chain,zks_getAllAccountBalances,fail,jsonrpc error,Method not supported on chain,200,-32601,Method not found
base,chain,eth_sendRawTransaction,fail,jsonrpc error,Mutation method - stale nonce example,200,-32000,"nonce too low: next nonce 22214, tx nonce 1"
base,chain,eth_sendRawTransactionSync,fail,jsonrpc error,Mutation method - stale nonce example,200,-32000,"nonce too low: next nonce 22214, tx nonce 1"
base,chain,eth_simulateV1,fail,jsonrpc error,Mutation method - gas mismatch,200,-32000,intrinsic gas too high
base,chain,eth_submitWork,fail,jsonrpc error,Method not supported on chain,200,-32603,unimplemented
unichain,chain,eth_sendRawTransaction,fail,jsonrpc error,Mutation method - stale nonce example,200,-32000,"nonce too low: next nonce 7, tx nonce 1"
unichain,chain,eth_sendRawTransactionSync,fail,jsonrpc error,Mutation method - stale nonce example,200,-32000,"nonce too low: next nonce 7, tx nonce 1"
opt,chain,eth_submitWork,fail,jsonrpc error,Method not supported on chain,200,-32603,unimplemented
unichain,chain,eth_submitWork,fail,jsonrpc error,Method not supported on chain,200,-32603,unimplemented
ink,chain,eth_submitWork,fail,jsonrpc error,Method not supported on chain,200,-32603,unimplemented
stable,chain,eth_syncing,fail,HTTP 400,Method not supported on chain,400,,"{""jsonrpc"":""2.0"",""id"":1,""error"":{""code"":-32600,""message"":""Unsupported method: eth_syncing on STABLE_MAINNET""}}"
celo,chain,eth_sendRawTransactionSync,fail,jsonrpc error,Mutation method - pre-EIP-155 example,200,-32000,only replay-protected (EIP-155) transactions allowed over RPC
stable,chain,net_listening,fail,HTTP 400,Method not supported on chain,400,,"{""jsonrpc"":""2.0"",""id"":1,""error"":{""code"":-32600,""message"":""Unsupported method: net_listening on STABLE_MAINNET""}}"
celo,chain,eth_submitWork,fail,jsonrpc error,Method not supported on chain,200,-32601,the method eth_submitWork does not exist/is not available
scroll,chain,eth_submitWork,fail,jsonrpc error,Method not supported on chain,200,-32601,the method eth_submitWork does not exist/is not available
scroll,chain,net_listening,fail,dns/connect,Host does not resolve,,,[SSL: CERTIFICATE_VERIFY_FAILED] certificate verify failed: certificate is not yet valid (_ssl.c:1016)
berachain,chain,eth_submitWork,fail,jsonrpc error,Method not supported on chain,200,-32603,unimplemented
worldchain,chain,eth_sendRawTransactionSync,fail,jsonrpc error,Mutation method - stale nonce example,200,-32000,"nonce too low: next nonce 2, tx nonce 1"
worldchain,chain,eth_submitWork,fail,jsonrpc error,Method not supported on chain,200,-32603,unimplemented
gensyn,chain,eth_submitWork,fail,jsonrpc error,Method not supported on chain,200,-32601,the method eth_submitWork does not exist/is not available
lens,chain,web3_sha3,fail,jsonrpc error,Method not supported on chain,200,-32601,Method not found
polygonzkevm,chain,zkevm_estimateFee,fail,jsonrpc error,Method not supported on chain,200,-32601,the method zkevm_estimateFee does not exist/is not available
sui,chain,unsafe_moveCall,fail,jsonrpc error,Other JSON-RPC error,200,-32000,ObjectID hex string must start with 0x.
polygonzkevm,chain,zkevm_estimateGasPrice,fail,jsonrpc error,Method not supported on chain,200,-32601,the method zkevm_estimateGasPrice does not exist/is not available
arc,chain,eth_sendRawTransaction,fail,jsonrpc error,Mutation method - stale nonce example,200,-32000,"nonce too low: next nonce 18, tx nonce 1"
arc,chain,eth_sendRawTransactionSync,fail,jsonrpc error,Mutation method - stale nonce example,200,-32000,"nonce too low: next nonce 18, tx nonce 1"
arc,chain,eth_submitWork,fail,jsonrpc error,Method not supported on chain,200,-32603,unimplemented
shape,chain,eth_submitWork,fail,jsonrpc error,Method not supported on chain,200,-32603,unimplemented
monad,chain,eth_sendRawTransaction,fail,jsonrpc error,Other JSON-RPC error,200,-32603,Transaction fee too low
monad,chain,eth_submitWork,fail,jsonrpc error,Method not supported on chain,200,-32601,Method not found
monad,chain,eth_simulateV1,fail,jsonrpc error,Method not supported on chain,200,-32601,Method not found
monad,chain,eth_sendRawTransactionSync,fail,jsonrpc error,Other JSON-RPC error,200,-32603,Transaction fee too low
gnosis,chain,eth_submitWork,fail,jsonrpc error,Method not supported on chain,200,-32601,The method 'eth_submitWork' is not supported.
blast,chain,eth_submitWork,fail,jsonrpc error,Method not supported on chain,200,-32601,the method eth_submitWork does not exist/is not available
blast,chain,eth_simulateV1,fail,jsonrpc error,Method not supported on chain,200,-32601,the method eth_simulateV1 does not exist/is not available
xlayer,chain,eth_getFilterLogs,fail,HTTP 400,Stateless Try It - filter does not persist,400,,"{""jsonrpc"":""2.0"",""id"":1,""error"":{""code"":-32000,""message"":""filter not found""}}"
xlayer,chain,eth_getFilterChanges,fail,HTTP 400,Stateless Try It - filter does not persist,400,,"{""jsonrpc"":""2.0"",""id"":1,""error"":{""code"":-32000,""message"":""filter not found""}}"
linea,chain,eth_simulateV1,fail,jsonrpc error,Mutation method needs funded sender,200,-38014,err: insufficient funds for gas * price + value: address 0xC000000000000000000000000000000000000000 have 20000000000 want 30000000001 (supplied gas 2000000000)
linea,chain,eth_submitWork,fail,jsonrpc error,Method not supported on chain,200,-32601,the method eth_submitWork does not exist/is not available
rise,chain,net_listening,fail,HTTP 400,Method not supported on chain,400,,"{""jsonrpc"":""2.0"",""id"":1,""error"":{""code"":-32600,""message"":""Unsupported method: net_listening on RISE_MAINNET""}}"
bnb,chain,eth_sendRawTransactionSync,fail,jsonrpc error,Other JSON-RPC error,200,-32000,"transaction gas price below minimum: gas tip cap 1000, minimum needed 50000000"
bnb,chain,eth_sendRawTransaction,fail,jsonrpc error,Mutation method - stale nonce example,200,-32000,"nonce too low: next nonce 11156, tx nonce 1"
bnb,chain,eth_protocolVersion,fail,jsonrpc error,Method not supported on chain,200,-32601,the method eth_protocolVersion does not exist/is not available
bundler,product,eth_sendUserOperation,fail,HTTP 400,Invalid params shape (-32602),400,,"{""jsonrpc"":""2.0"",""id"":1,""error"":{""code"":-32602,""message"":""invalid 1st argument: userOperation invalid user operation fields""}}"
mantle,chain,eth_getFilterLogs,fail,HTTP 400,Stateless Try It - filter does not persist,400,,"{""jsonrpc"":""2.0"",""id"":1,""error"":{""code"":-32000,""message"":""filter not found""}}"
mantle,chain,eth_getProof,fail,jsonrpc error,Example payload type/format invalid,200,-32000,hex string invalid
hyperliquid,chain,eth_submitWork,fail,jsonrpc error,Method not supported on chain,200,-32601,Method not found
hyperliquid,chain,eth_syncing,fail,HTTP 400,Method not supported on chain,400,,"{""jsonrpc"":""2.0"",""id"":1,""error"":{""code"":-32600,""message"":""Unsupported method: eth_syncing on HYPERLIQUID_MAINNET""}}"
ronin,chain,eth_getFilterChanges,fail,HTTP 400,Stateless Try It - filter does not persist,400,,"{""jsonrpc"":""2.0"",""id"":1,""error"":{""code"":-32000,""message"":""filter not found""}}"
abstract,chain,eth_getRawTransactionByHash,fail,jsonrpc error,Method not supported on chain,200,-32601,Method not found
matic,chain,eth_sendRawTransaction,fail,jsonrpc error,Mutation method - pre-EIP-155 example,200,-32000,only replay-protected (EIP-155) transactions allowed over RPC
matic,chain,eth_sendRawTransactionSync,fail,jsonrpc error,Mutation method - pre-EIP-155 example,200,-32000,only replay-protected (EIP-155) transactions allowed over RPC
scroll,chain,web3_clientVersion,fail,dns/connect,Host does not resolve,,,[SSL: CERTIFICATE_VERIFY_FAILED] certificate verify failed: certificate is not yet valid (_ssl.c:1016)
polygonzkevm,chain,zkevm_getBroadcastURI,fail,jsonrpc error,Method not supported on chain,200,-32601,the method zkevm_getBroadcastURI does not exist/is not available
sui,chain,unsafe_publish,fail,jsonrpc error,Invalid params shape (-32602),200,-32602,Invalid params
sui,chain,unsafe_requestAddStake,fail,jsonrpc error,Other JSON-RPC error,200,-32000,unable to fetch object 0x8d776bfe8433e298973f7018e195906664985a80d060a288af6f9848094738bb
sui,chain,unsafe_splitCoin,fail,jsonrpc error,Other JSON-RPC error,200,-32000,unable to fetch object 0x8d776bfe8433e298973f7018e195906664985a80d060a288af6f9848094738bb
monad,chain,net_peerCount,fail,jsonrpc error,Method not supported on chain,200,-32601,Method not found
xlayer,chain,eth_getProof,fail,jsonrpc error,Invalid params shape (-32602),200,-32602,Invalid params
bnb,chain,eth_submitWork,fail,jsonrpc error,Method not supported on chain,200,-32601,the method eth_submitWork does not exist/is not available
zksync,chain,zks_getConfirmedTokens,fail,jsonrpc error,Method not supported on chain,200,-32601,Method not found
matic,chain,eth_submitWork,fail,jsonrpc error,Other JSON-RPC error,200,-32000,"not supported, consensus engine is not ethash"
solana,chain,getPriorityFeeEstimate,fail,HTTP 400,Other failure,400,,"{""jsonrpc"":""2.0"",""id"":""1"",""result"":{""error"":""Invalid Base58 transaction""}}"
solana,chain,getStakeActivation,fail,jsonrpc error,Method not supported on chain,200,-32601,Method not found
solana,chain,getTokenAccountBalance,fail,jsonrpc error,Invalid params shape (-32602),200,-32602,Invalid param: not a Token account
sui,chain,unsafe_splitCoinEqual,fail,jsonrpc error,Other JSON-RPC error,200,-32000,unable to fetch object 0x003f9c0f533b4f72b38e4dfd90f26c29f052eb855ab8fb1912d20ac2e39ac3bc
sui,chain,unsafe_transferSui,fail,jsonrpc error,Other JSON-RPC error,200,-32000,unable to fetch object 0x003f9c0f533b4f72b38e4dfd90f26c29f052eb855ab8fb1912d20ac2e39ac3bc
sui,chain,unsafe_transferObject,fail,jsonrpc error,Other JSON-RPC error,200,-32000,unable to fetch object 0x003f9c0f533b4f72b38e4dfd90f26c29f052eb855ab8fb1912d20ac2e39ac3bc
monad,chain,web3_sha3,fail,jsonrpc error,Method not supported on chain,200,-32601,Method not found
debug,product,debug_traceBlockByNumber,fail,jsonrpc error,Other JSON-RPC error,200,-32008,Response is too big
zksync,chain,zks_getL2ToL1MsgProof,fail,jsonrpc error,Method not supported on chain,200,-32601,Method not found
solana,chain,getTokenAccountsByOwner,fail,jsonrpc error,Invalid params shape (-32602),200,-32602,`params` should have at least 2 argument(s)
gas-manager-coverage,product,alchemy_requestFeePayer,fail,HTTP 400,Method not supported on chain,400,,"{""jsonrpc"":""2.0"",""id"":1,""error"":{""code"":-32600,""message"":""Unsupported method: alchemy_requestFeePayer on eth""}}"
gas-manager-coverage,product,alchemy_requestGasAndPaymasterAndData,fail,HTTP 400,Other JSON-RPC error,400,,"{""jsonrpc"":""2.0"",""id"":1,""error"":{""code"":-32500,""message"":""validation reverted: [reason]: AA20 account not deployed"",""data"":{""reason"":""AA20 account not deployed""}}}"
gas-manager-coverage,product,alchemy_requestPaymasterAndData,fail,HTTP 400,Invalid params shape (-32602),400,,"{""jsonrpc"":""2.0"",""id"":1,""error"":{""code"":-32602,""message"":""invalid 1st argument: sponsorship_request 'userOperation': object was missing 'paymasterVerificationGasLimit' element""}}"
gas-manager-coverage,product,alchemy_requestPaymasterTokenQuote,fail,HTTP 400,Invalid params shape (-32602),400,,"{""jsonrpc"":""2.0"",""id"":1,""error"":{""code"":-32602,""message"":""invalid 1st argument: sponsorship_request object was missing 'erc20Context' element""}}"
abstract,chain,eth_sendRawTransaction,fail,jsonrpc error,Mutation method - stale gas price example,200,3,max fee per gas less than block base fee
abstract,chain,eth_simulateV1,fail,jsonrpc error,Method not supported on chain,200,-32601,Method not found
solana,chain,requestAirdrop,fail,jsonrpc error,Other JSON-RPC error,200,-32600,Invalid request
gas-manager-coverage,product,pm_getPaymasterData,fail,jsonrpc error,Invalid params shape (-32602),200,-32602,"Policy ID(s) not found. Please ensure you're sending requests with the API key associated with the policies' app, that the policies are active, and the network is allowed.[69d524a7-e932-4214-8673-dcdc"
gas-manager-coverage,product,pm_getPaymasterStubData,fail,HTTP 400,Invalid params shape (-32602),400,,"{""jsonrpc"":""2.0"",""id"":1,""error"":{""code"":-32602,""message"":""Policy not found""}}"
bundler,product,eth_estimateUserOperationGas,fail,HTTP 400,Invalid params shape (-32602),400,,"{""jsonrpc"":""2.0"",""id"":1,""error"":{""code"":-32602,""message"":""invalid 1st argument: userOperation invalid user operation fields""}}"
abstract,chain,eth_submitWork,fail,jsonrpc error,Method not supported on chain,200,-32601,Method not found
zksync,chain,zks_sendRawTransactionWithDetailedOutput,fail,jsonrpc error,Method not supported on chain,200,-32601,Method not found
trace,product,trace_filter,fail,jsonrpc error,Example payload type/format invalid,200,-32602,invalid argument 0: json: cannot unmarshal string into Go struct field TraceFilterRequest.after of type uint64
abstract,chain,web3_sha3,fail,jsonrpc error,Method not supported on chain,200,-32601,Method not found
trace,product,trace_rawTransaction,fail,jsonrpc error,Invalid params shape (-32602),200,-32602,failed to decode signed transaction
transaction-simulation,product,alchemy_simulateAssetChanges,fail,jsonrpc error,Mutation method - gas mismatch,200,-32000,intrinsic gas too low
transaction-simulation,product,alchemy_simulateExecution,fail,HTTP 400,Invalid params shape (-32602),400,,"{""jsonrpc"":""2.0"",""id"":1,""error"":{""code"":-32602,""message"":""invalid 1st argument: transaction argument was not valid transaction object or transaction hash""}}"
userop-sim,product,alchemy_simulateUserOperationAssetChanges,fail,jsonrpc error,Other JSON-RPC error,200,-32603,"ReferenceError: bigInt is not defined
    at result (unknown at :39:20)"
wallet-api,product,wallet_prepareCalls,fail,jsonrpc error,Invalid params shape (-32602),200,-32602,Sponsorship failed: failed to get policy: Policy not found
wallet-api,product,wallet_sendPreparedCalls,fail,jsonrpc error,Other JSON-RPC error,200,-32500,An error occurred while executing user operation: validation reverted: [reason]: AA25 invalid account nonce
wallet-api,product,wallet_createSession,fail,jsonrpc error,Invalid params shape (-32602),200,-32602,7702 account must be delegated before calling `wallet_createSession`
wallet-api,product,wallet_getCapabilities,fail,jsonrpc error,Stale example - address reference,200,-32000,Wallet address not found.
wallet-api,product,wallet_getCrossChainStatus_v0,fail,jsonrpc error,Invalid params shape (-32602),200,-32602,Chain not supported
wallet-api,product,wallet_requestQuote_v0,fail,jsonrpc error,Invalid params shape (-32602),200,-32602,Sponsorship failed: failed to get policy: Policy not found
eth,chain,eth_callBundle,fail,jsonrpc error,Invalid params shape (-32602),200,-32602,Invalid params
eth,chain,eth_callMany,fail,jsonrpc error,Mutation method needs funded sender,200,-32003,call_many error in bundle 0 and transaction 0: insufficient funds for gas * price + value: have 0 want 2023155498000000
